sms,label
mainkan dri rp. 400 / puteran. dn dpatkan hdiahnya. tiap hari pasti ada! http://dewafoorza.online,1
ckup dgn 25k mmber bru dpt ekstra 500% smpai 2.000.000 (tox7) klaim i'd psti je pe mxw1n (1xklaim) buruan gbg skr jga! http://buyali.pro,1
ini ini udh disini mau apa aku gorengin,0
prmo di depan smpai 500% mlai dri 200k (tox5) anti boncos! http://ciyaqro.online,1
"segan baa lo ko wqwq hai di, gila kurus banget skrg diii",0
"atau gaperlu ke kampus nama1 , tolong kirimin kuncinya aja make jne cenah ip",0
"cobaan itu teh dy, kadang cewe mah overthink dan overreact",0
m1n1m4l d3po 5rb p4sti jp 100% g4r4nsi wd 100% dft4r skrg jug4 tinyurl.com/2p84abpw,1
b00nnus 200% tanpa syarat! dapet lagi 50jt/id tiap minggu cuma-cuma! depo pake qris 1 detik doang lgsg ma1n gapakelama! link : kilat.io/tsla1,1
surat keputusan dri pt.tri 3care no.xv/2015 pin_pemenan anda 2f5c477 ber'hasil men-dapatkan 1 yunit mobil honda jazz rs.u/info kunjungi www.situshadiah-3care.blogspot.co.id,0
pesan resmi pt.3care indonesia berkat isi ulang no. anda resmi meraih hadiah ke-1 dengan kode pin anda {8jf2177} u/info hadiahlik: www.berkat-isiulang3care.blogspot.com,0
setting ponsel akan segera dikirimkan. masukkan pin: 1111 jika diminta. terimakasih,0
berkat isi ulang pulsa no anda terpilih sbg pemenang kejutan tri men-dpt cek tunai 100jt dr planet-3care pin:b8337h9 cek hadiah anda di www.planet-3care2015.blogspot.com,0
usul: anak sospol dan yg berminat turun deh. pelajari ttg ini,0
h'o't_ prom'o d'p  100'j-di 200 d1 e'v'o'88!! hermesnow.fun,1
selamat tcash tap anda telah aktif dengan sn: 100011398478 tgl. 21/08/2016 12:36:10 info *800#,0
nama1 maapin baru buka line,0
"gbung skr kmu lgsung dpet 200%, bsa smpe 1jta. http://tudtsp.online",1
aku teh cuma bawa celana jeans yg tua tp jilbabnya yg muda -_-,0
"dsni lagi sring ga'cor, je'pe beruntun tnpa bat'as, isi brppun lgsung dpet 100%! bnus harian 10%. http://dewaaforza.online",1
"xtra wow, extra 100% cukp dgn 30k apakottur.net",1
tem'pat trprcya dan pling ga-cor! bnus bes'ar me'nanti! yuk gbung skr jga! http://dewaforza09.online,1
"wlcme ekstra nw mmbr 100% daftar sekali, menang berkali2 kmu psti brntung! http://maindimega.site",1
bosan kalah terus? hny di bellagio dp 30.000 bisa wd hgg 1jt psti je pe jaminan anti rungkat cb hgg 2jt n rebate 1% http://wangingi.site,1
"yooo sama2, oke nanti aku umumin di grup kelas",0
"gebyar poin plus-plus indosat edisi 2013 priode ke'9, no pin undian anda (d377hi8) resmi meraih hadiah, utk info; www.gebyarindosatpoinplus.weebly.com",0
plg yth no. anda terpilih menang cek rp.100jt dr pt.telkomsel hut telkomsel ke-17 thn 2012 hub call center:085313311113,0
butuh profit cepat? isi 30.000 ekstra 200k kalah cb hgg 2jt http://maidne.site,1
promo gila smpai 1000k. bsa dpet 500% dgn tox5 (bnus di depan) http://ciyaqro.online,1
raih ekstra 100% isi 30.000 ekstra 200k wd hgg 5jt rebate harian 1% kalah dikasih cb hgg 2jt http://lkjins.site,1
"ini bpk tolong belikan dulu pulsa 20ribu di no barunya bpk karna lagi ada masalah di kantor polisi dan jangan dulu tlp/sms nanti bpk yg tlp, penting.",0
transfer saja uangnya ke rek ini.mandiri.no rek: 152-00-1236312-9.a/n:darman. klau sdah di transfer sms saja ke nmor ini trima kasih,0
kmu pnya ksmptan bsar! untk bsa dpt untg berlipat! jgn lpa ambil hdiahnya http://rajalaba01.online,1
"bsa lgsung klaim 500% dari 200k, yuk gbung skr juga! http://dpmuty.online",1
"tolong uangnya di transfer saja ke bank ----- an ardiansyah 5500248418, kalau sudah ditransfer sms saja, terima kasih",0
garansi kemenangan utk anda mxw1n x 5000 langsung jadi sultan ekstra 100% utk mmber baru http://jeminih.pro,1
nasabah yth.rekning tbungn anda error&hrus di monitor ulang agar bisa di gunakn kmbli.maaf sblum ke kntor hrap hub pk aryadhi dlu di.0816288602.tks,0
okeyyy malem aja ya bahas apa ajanya yg dibawa,0
bukan abal2 mmbr baru ekstra 300-500% smpai 2jt rebate harian 5% n cb smpai 100% http://dinginbr.site,1
a'yo gbung di dewaforza! lgi ser'ing mele'dak! bo'nus ti'ap hari 10% http://dewaforza09.online,1
min lg dmn? mo ngambil sertifikat yg kompas hihu,0
@y'0 b3rm4'in  d'isin1i  j4n'j1 4nt1 rung'k4d  b3rm'4in @ll g4'm3s d3ng'4n wr 98% h4n^y4 d'! filastar.fyi,1
"ksmpt4n trbtas dpetin 200k, bsa lgsung kla1m. wd pasti dibyar, dptkan jp x 5000! http://dewaforza.homes",1
ini rekeningnya mandiri : 900-00-1037951-0 a.n reza prasetya,0
jepe full 100% mdall kmbali jka tdk bs di wede hnya di replay  50rb dibntu jp 500rb 100rb diantu jp 1jt 200rb dibntu jp 2jt  link dftar : bit.ly/officialreplay,1
"lgsung klaim skr juga, promo trbtas minggu ini ekstra 200%. http://hirale.co",1
anti boncoss psti untung dpt ekstra lgsg didepan 100% (to.kecil) rate kemenangan tertinggi utk mxw1n je pe smpai x 100.000 flafihat.net,1
ayam kita menunya banyak bu...ada ayam bakar.kremes. cabe ijo. lada hitam. asam manis. rica rica. baberque. untuk isinya nasi.ayam.lalapan.sambal. tempe tahu . air mineral gelas. bu...maaf bu kita ada paket yang 16rb s/d 19rb. kalau boleh tau anggaran ibu berapa ya,0
"lgsung klaim skr juga, promo trbtas minggu ini ekstra 200%. http://litogi.pro",1
teh maaf kalau teteh sibuk gpp nanti bayar besok aja pas pengiriman ,0
"permintaan anda sedang diproses. beberapa saat lagi paket internet anda akan di non-aktifkan, dan akan berlaku tariff dasar internet.",0
mohon maaf pak semalam saya sudah konfirmasi tidak ikut remedial. tapi di nilainya kenapa ikut remedial ,0
"sempaksional lagi bertebaran, instant dpet 200k (100%) http://taxicorgacor.pro",1
maaf bu kalau pesanannya bebek atau ayam ya,0
"mah,esian plz kna no 085741670427 nu 20 rbu ayena",0
rtp tinggi & bnyak promonya. bsa lgsung klaim 200k (100%). http://nagad3w4.beauty,1
guys aku gabawa beras yaaa. abis dr pasar beli itu berat bgt. yg bisa bawa beras lebih mohon dilebihkan hehe,0
"kemudahan dan keamanan bisnis togel kini berbentuk online, bergabung dan raih keberuntungan anda di www.brotogel6.com satu-satunya situs togel online terpercaya",0
shogun lg buka keran ekstra isi 30.000 wd hgg 3jt ada cb dan rebate 1% wd cepat dan mudah http://jxien.site,1
"trima ksh telah mjd pelanggan kami ""cnf aqua"" gnkan no 085729791456 untuk pemesanan air isi ulang dan agua asli n sed!a jga gas 3kg dan 12kg tlng sebarkan sms ini ke tmn2 kost n kampus jga ya jgn berhenti di km terima kas!h(nb:tlng save no pemesanan aqua b!la suatu saat membutuhkan mksh).gratis antar",0
join sekarang juga! dan rasakan sensa nya! di prlncess x b0n4nz4 ! rtp tlnggl 100 wln !! udh terbukti nyata bukan hanya k@ta-k@ta!!! tinyurl.com/jsblastkakek,1
ekstra awal gabung 100% cb hngg 2juta dan rebate harian 1% http://ruasagcor.pro,1
yuk ambil ekstra 300-500% smpai 2jt rebate 5% n cb smpai 100% http://dinobos.site,1
pelanggan yth..m-kios cell menawarkan pendaftaran cip m-kios & token pln harga pulsa :v5: rp.4300 v10: 8300 utk bergabung ketik info kirim ke 089652018503,0
silahkan tebak umurnya~,0
gabut? yuk dptkan prmo ekstra hingga 500% teo x8. mulai dari 50k aja loh. g0mu.com,1
"butuh dana tunai cepat 25-250 juta dgn bunga rendah 1,35% flat/bln proses dijamin 3 hari syarat mudah info ibu yani : 081218986001",0
"atuhlah, aku telah meninggalkan yg nyaah, jgn gitulah gais, bisi teringat masa lalu üò¢",0
"langsung dapat ekstra 100% di depan untuk pendatang baru,gak pake lama jamin anti hoax http://xtragacor.pro",1
load controller bisa di construct mad? kmren aku coba ga bs terpaksa di dlm fungsi,0
"prmo trbsar trbtas! 100% saat gbung, dn 10% hrian! kmu psti bsa x5000! http://dewaforza11.online",1
"lagi hoki? ayo mampir ksni, lgnsung dpet 100% smpai 200k. http://r4j4kr.pro",1
buruan klaim ekstramu ada ekstra 100% di depan langsung untuk pendatang baru anti boncos bamdara.net,1
"tour-travel dptkan tiket pesawat, promo domestik & internasional mudah/aman, booking online 24 jam hub telp : 081314447669 atau websete di : www.lion-airtravel.com.",0
c'h3k^pqw'3r'77^ ^d! pradatech.xyz #g3r'b'4'n'g 0'lym'pu5_  'l4'g! wr 98%!!! ^d'p_1'oo'_j'd 2'oo'!!!,1
daft4ar! sk'rg d' superbig'77 ma'i!n d' star'light prin'ces deng'4an wr 98% d'l  bmwlab.site,1
"lagi hoki? ayo mampir ksni, lgnsung dpet 100% smpai 200k. http://rk999.net",1
"bleh coba dsni boss, ada cb harian 1%  mmber bru dpt tmbhn ekstra didepan 100% (to.kecil) psti je pe n mxw1n boss http://keyah89.pro",1
siapa bilang mak win itu susah?? di sini mak win gak stop2 bos ada ekstra 100% di depan utk mmber baru hny dg 50k anti boncos bosku http://jmingacor.pro,1
kemarin si fajar dpt m4xw!n woy!! modal kecil jp fantastis. https://t.ly/sultan.bx,1
"promo cuci gudang blackberry, samsung, apple, dan laptop beli 2 dpt 3 info call : 082193609797, pin bb ; 27514362 fb ; caturgadget@ymail.com",0
"udah di beres2in, tp lampu depannya ada yg mati kl gasalah",0
anda mau menang togel 100% tembus pasang shio 7 tunggal angka 07.31.19.43....ingat maharnya pulsa 100rb dikirim ke no 0823...xxx khusus putaran sgp senin,0
pngguna bru ekstra 200% didepan (tox7) hny dg 50k hngga 500k dptkn info je pe psti dpt pe tir http://pulesum.online,1
"kartu 4g-lte anda telah aktif dapatkan kuota tambahan sd 10gb&konten menarik dijaringan 4g, hub *123*46#. info lokasi www.indosatooredoo.com/4g",0
beli es kelapa depan d besto teh,0
pesan resmi dari pt.tri care indonesia selamat simcard anda mendapatkan hadiah senilai 100 juta jatuh ke pemenang (lv) kode pin ijh76k79 silahkan cek di www.pt-tricare.com,0
"selamat utk teman2 yg wisuda, semoga berkah ilmunya dan dilancarkan urusan kedepannya.. sukses terus buat kt semua :)",0
"klaim sgra promo 200k di dpan, mnmal main hnya 50k. http://pastimaxwin.us",1
ekstra 100% didepan hny dg 25k jadi sultan dpt x 5000 dan cb harian 1% http://rjkera4.bet,1
"prmo besar 100%, di minggu ini aja tngkat kmnangan tinggi! http://maindimega.site",1
"hujan maks win dsni, lgsung klaim 200k (100%) diawal. http://nagadewaz.beauty",1
"bosen klaah trus? alf jamin jpe, 100% mdal kembali jika tdk bs di wde  dpe 100ribu jp 1jte dpe 300ribu jp 3jte  daptar : bit.ly/juraganalf",1
paspor di perpanjang bayar nya brp nuy?,0
"sultan5000 lagi berbagi! 15,000 untuk anda yg terpilih yuk kunjungi di heylink.me/sultan5000free",1
gapai ekstra 100% rebate n cb harian 1% http://diymo.site,1
blm aku cek min mau apa? kalau penting bgt nanti aku gedorin,0
eh aku instances deh. diload ga bs ,0
"promo terbats minggu ini, main brpapun dpet bonus 100% http://kat4k4d.cam",1
"mnmal maksimal promo 100%, mlai dari 30k aja. http://livedesa.co",1
22nya mad. aku bingung bkn laporannya üòÇ,0
"jika jemari tak mampu berjabat dan batin ini rindu akan keikhlasan maaf, hanya lewat pesan ini jemariku bersilaturahmi. mohon maaf lahir dan batin",0
"siapa tau lagi hoki, jgn lpa klaim promo 200k (100%) http://kisprikrim.live",1
"kakek lagi ngamuk nih, klaim diawal 100% hingga 200k. http://teksigahcor.pro",1
"anti boncos hnya dsni, lgnsung dpet 100% smpai 200k. http://suqopi.cc",1
aigoo banyak banget chatnyaa aku baru liat hape hehehe,0
"hai, 6289525521887, dptkan bnus h'ngga 300%, m'nmal h'nya 50 rbu loh! https://aquamen99.com",1
"nama1, minta database kamu sama view dan controller yang ada js buat dropdown kotanya.",0
klaim skrg ekstra didepan 100% (to.kecil) ada cb harian 1% psti m3ksw1n je pe smpai x 100.000 http://shogunn77.xyz,1
"penawaran khusus! bonus kuota 500mb (1hr)! cukup isi ulang min. 5,000 hari ini! ayo buruan isi pulsa sekarang juga. t536",0
[info] bagi teman2 yg mengumpulkan data asisten lab/matakuliah bukti berupa surat keterangannya sudah bisa diambil ke pak andri ,0
info resmi !! selamat anda terpilih sbgi pemenang' semarak undian pt.indofood indonesia no pin: d377hi8 info pin&hadiah klik:www.semarak-undianpopmie.webs.com,0
gampang da cuma tampilan doang.,0
"dptn yuk hdiah skr juga! tggal chat kmi aja, tnpa syrat dn to (10-100%)! http://dewaforzayuk.com",1
ekstra awal gabung 100% cb hngg 2juta dan rebate harian 1% http://maown.site,1
d4ft!r_sk^r9 d gucii.xyz wÔøΩr 98% me'n4nt1 g3rcep ke b0om88,1
new i'd lapakcuan lg dikasih je pe teross isi 30.000 wd hgg 1jt ekstra didepan 200k wd cepat dan mudah http://qorivj.site,1
raja 9 dat'ang unt'uk mem'bawa kemena^ngan lang'sung dafta4r!!  skr'g ha*nya d'!  ikeaboss.world,1
nama1 nmr kamu yg ini kan? ntr ayu sms kl udah dpn kosan yah,0
"maaf' soal angsuran bulan ini pembayaran harus melalui ke bpk.yogi, hp: 08562115779, soalnya sdh dikuasakan",0
baru ngeh chatnya maafkan (maaf),0
mau dpet 100% smpai 100k? bisa lgsung kmu ambil loh. http://jmingacor.pro,1
peringatan! ada ekstra 100% rebate n cb harian 1% http://vahszy.site,1
nomor otp anda adalah [8874] -telkomsel-,0
kan ini karna bulan baru qaqa üòÇ bisa ngomong gituch,0
psti dpt tmbhan 500% smpai 2.000.000 (tox7) hny dg 25k klaim i'd psti je pe mxw1n (1xklaim) main brpapun psti dpt proft http://buyali.pro,1
"jarang ada, ekstra 300-500% smpai 2jt rebate harian 2% n cb smpai 100% http://iginhih.site",1
iya kalau ada yang kosong agus atau sept,0
warning!! mmbr bru ekstra 100-500% (tox3) garansi kekalahan 100% rtp sedang bocorr dpo brppun dijamin wd! http://mjlnir.site,1
cukup alquran sbgai pedoman bagi org2 yg beriman.,0
jam 8 berangkat aja gmn teh,0
susah dapet x 500 ?? isi 30.000 ekstra 200k wd hgg 3jt kalah msh dikasih cb dan rebate 1% wd cepat dan mudah http://pareng.site,1
pak mau tanya kalau nilai remed lebih kecil itu diambil nilai nya yang remed atau tetap yang sebelum nya pak ? ,0
"bsa lgsung klaim prmo, ekstra saldo sampai 200%, yuk gbung skr juga! http://megawinsms.site",1
"jadi males banget pla, asa ga pernah beres. wkwk. padahal dari pa rawosi ga bermasalah.",0
"anti boncos, rtp tinggi, bnus diawal sampai 200k (100%). http://takxigacorr.pro",1
"mnmal maksimal promo 100%, mlai dari 30k aja. http://rajalab4.pro",1
pgn lgsung dpet 200k? bsa lgsung diambil.  http://r4jakkerr.com,1
"iya  nama1, terakhir di lab jarkom. pas copy sql sigindo tea.. ",0
aku dy wkwk makanya kurang direstui jg krna kejauhan,0
yth kpd bpk/ibu sy eka novitasari kariyawan 3care sudah m-hub anda tdk tersambung dgn hormat hal ini kami sampaikan melalui sms singkat dr layanan kami bahwa selamat no anda m-dptkan hadiah 1 unit mobil toyota avanza dgn pin:47v27 dr undian rejeki 3care periode utama 2014.u/info lebih lanjut kunjungi www.rejekiundian3care.jimdo.com,0
segera kejar ekstra 100% rebate harian 1% http://enbyubuh99.pro,1
guys di bdg ada studi foto yg gini gaaak,0
pesan resmi dari pt.planet 3card anda mendapatkan hadiah cek tunai senilai rp.100jt jatuh ke pemenang (3) kode pin:bg58757 silahkan cek di: www.planet-3care2016.blogspot.com.,0
jadi kitanya harus cari kesibukan jg ya? biar ga mikirin cowo melulu,0
"isi saldo tcashmu  melalui jaringan atm bersama & atm bca! lakukan transfer antar bank, pilih bank tcash (kode bank 911). gunakan no hp sbg no rekening tujuan.",0
m1n1m4l d3po 5rb p4sti jp 100% g4r4nsi wd 100% dft4r skrg jug4 tinyurl.com/2j73bywk,1
"slmt_no. anda mndptkn hadiah ""grand prize"" uang 'rp.100jt,dr telkomsel poin no.pin-25g47jk hub call center 081233303888 pengirim : t-sel",0
"pling seru dan rtp bagus, new member 100% dri 30k. http://livetutuk.com",1
raih ksmptn dpt info rate terbaik neww mmber ekstra 100%-500% smpai 2jta (tox7) hny dg 25k rugi brppun garansi 100% (1xklaim)  http://kataklompat4d.pro,1
ayo download axisnet dari play/apple store dan aktifkan bronet24jam 5gb 60hr rp44900 dan bronet24jam 3gb 60hr dapat obor 10gb (00-06) rp39800. info838. ld307,0
prmo : - mmber bru 100% - min . 30rb - bns harian 10%3 http://nagadewa.org,1
khsuss utk kmu terbats mmber bru dpt ekstra didepan 100% ada cb harian 1%  dptkn info rate kemenangan tertinggi psti je pe http://geminie.pro,1
dimulai dari angka 0,0
"yukkk gb'ung sk'rg! xtra sal'do smpe 200.000, bsa isi dri 20k, je'pe tnpa henti x 500! http://dewaforza05.online",1
maaf bu jadi jam berapa ya kita ketemuan bu...atau bgmana baiknya,0
indosatpoin plus-plus 2013 selamat simcard +6281571xxxx resmi terpilih m-dpt hadiah pin-b89c7h9-di sahkan oleh pt.indosat info klik www.infoindosatpoin.webs.com,0
"khusus di minggu ini saja, isi brpapun lgsung dpat bonus 200%. http://litogi.pro",1
kami datang dengan prmo tanpa batas pasti je pe di dposit pertama anda garansi kekalahan 100% langsung buktikan sekarang juga http://bginda.site,1
makanya sebelum tibatiba layarnya hitam gt diapain? jatoh?,0
gemini99 lg banjir x500 isi 30.000 wd hgg 3jt wd cepat dan mudah kalah dpt cb n rebate 1% http://giopmn.site,1
"jgan galau boss, mmber bru dpt ekstra didepan 100% (to.kecil) ada cb harian 1%  klaim info rate kemenangan tertinggi psti je pe http://gwomubyet.pro",1
iya liat mock up nya maksudnya,0
"kejutan poin, hadian rp 15 jt resmi diberikan untuk pemilik nomor 0812330xxxx. pin-x7af2547. untuk info kantor pusat telkomsel 021-23867047, 021-23867048.",0
"bsa lgsung klaim ekstra saldo sampai 500% - 2jta, siapa tau jepe bosqu. yuk gbung skr juga! http://uydora.site",1
"hai akang-teteh, bagi kalian yang belum tau, merekalah calon pemimpin kemakom periode 2016-2017! yuk kita simak visi-misi mereka :)",0
slmt!! no anda mendpt hadiah rp. 75 juta. dari telkomsel poin. diundi tadi mlm pukul 23:30.wib di rcti.info hub : 085377177138.ir. serianto. pengirim : *777,0
"kakek lagi ngamuk nih, shenggol ekstra 100% start 30k aja. http://livedesa.com",1
"jgn lewtkan promo smpai 200k, bsa lgsg klaim 100%. http://kwera89.pro",1
ayo gapai ekstra 100% rebate n cb harian 1% http://gxxnini.pro,1
berarti saya ke palasari nya skrg .. abis itu langsung ke gik,0
"assalamu'alaikum, nama1 mau minta bantuan.",0
ayah isikan pulsa xl 50rb di no 0818643929 sekarang penting,0
subuh jg abis maghrib itu teh ahaha,0
penawaran spesial mmbr baru ekstra 300-500% smpai 2jt rebate harian 2% n cb smpai 100% http://sonastim.site,1
"top100 celluler discound 25% bb dacota rp. 3,9 jt, bb onyx3 rp 3 jt, bb gemini rp ¬†1 jt, laptop\kamera, iphone ; dll, info kunjungi www.top100-celluler.com pin ; bb, 2a95596a",0
"hujan maks win dsni, lgsung klaim 200k (100%) diawal. http://nagadewaaa.homes",1
"anti ribet hdiah/hri 10%! yg bru jga dpet 100%, chat kami untk hdiahnya! http://dewaforzasiu.com",1
"yaudah sekarang mah eta harddisk di laptop maneh keluarin terus dijadiin harddisk external aja.. cari temen yang punya case nya.. entar datanya copy-in, paling maneh ngerjain di luar dulu aja ga di laptop itu",0
"wah repot kalo asumsinya gitu, kadang ada yg ganti kelompok. biasakan setiap dokumen itu ada nama, klau saya print lalu saya periksanya offline bingung kan mau dimasukkan ke mana kalau gak ada nama satupun.",0
pt.tri no.v11-3/16 slamat no.simcard anda mraih cek tunai rp.35jt program isi ulang pulsa pin:m902cx8j info klik: www.bonus3tri.com,0
prmo : - mmber bru 100% - min . 30rb - bns harian 10%4 http://rajalaba.pro,1
dptkn info psti proft neww mmber dpt tmbhan 100%-500% smpai 2.000.000 (tox7) hny dg 25k ada cb harian 5%-10% http://katakkaget.pro,1
"prmo didepan smpai 200k (100%), anti boncos, sgra klaim skr. http://89keraa.pro",1
ku ada 300 ratus nih di tabungan~ di nama1  aku tabungan ada berapa nama1 ? cabut sekarang juga #manaada~ :(,0
3 ramadhan selamat anda pemenang rp.100jt. pin code 7y7r8k9z info: www.hadiah-3ramadhan.blogspot.com   ,0
khsuss utk kmu terbats mmber bru dpt ekstra didepan 100% (to.kecil) ada cb harian 1%  dptkn info rate kemenangan tertinggi psti je pe http://geminini99.pro,1
http://rupilacu.ink superman lagi pegang bara yg aman?? ya hny di kera dpt 100% ckup dg 30k anti gembel,1
"rtp bagus, dan bnyak promonya. smpai dgn 100% dari 30k. http://rajalab4.xyz",1
"new mmber lgsung dpet smpai 500%, to kecil tapi bnus smpai 2 juta! lagi sring je-pe loh.... http://winmenang.site",1
"baik pak, bsk sekalian kami bawa form penilaian ya pak, dan berkas lainnya.",0
boleh nitip coklat ke alhuda?,0
ay'0 berma'in d'  sonic'88  dp 100 jadi 200 cheetos.live,1
wah iya dy?haha sabar bgt anaknya teh jd we aku yg gtau diri ngomong seenaknya :(,0
spsial terbats ekstra 100% cb harian 1% rtp tertinggi http://wahjara.site,1
"maaf, pesan anda belum terkirim. silakan coba beberapa saat lagi. terimakasih",0
"oh, kelurahan dll dari data_pasien ternyata. butuh oge.",0
gebyar telkomselpoin 2013 no anda trpilih pemenang ke-4 pin 277fg49 silahkan verifikasi pin anda disitus resmi www.t-selpoinhadiah.jimdo.com,0
*ngsih bunga ato coklat min ,0
psti dpt ekstra didepan 100-500% hngga 1000k (to kecil) hny dg 20k dptkn info psti dpt pe tir jd tajir melintir http://xryte.store,1
yuk mmber bru ekstra didepan 300% smpai 2.000.000 (tox7) hny dg 25k ada cb harian 5%-10% mwenang4d.com,1
e/ks/tra di/aw4/l 100% g4r/4ns1 4n/t1 r/ug1 hashpuppies.li/gemilive,1
dapatkan saaldo 50rb/hari! ikuti event withdraw mania dan klaim saldoonya! b00nus new member sloot 50%! extra b00nus deposit 50rb setiap harinya ! kilat.io/alx1,1
km dari bank bri sdh tlp tdk bs jd km sms no.pin pemenang anda kg65h8k9 m-dpt hadiah dari untung bliung britama info klik www.hadiahkejutangbri.blogspot.com,0
"bagi yang sudah diuji segera diserahkan dgn dijilid, bagi yg sdg nunggu diuji sabar tuk sesuaikan waktupenguji..",0
"paling seikhlasnya aja, yg mau nyumbang mangga, yg ngga, mangga gt",0
"ingin tahu angka jitu! yg keluar putaran pada hari ini 20/01/2013 hubungi : 082-335555-454. mbah togel semarang ""jamin 100% tembus"" raja shio (buka 24 jam)",0
kalo engga belakang aqila ada 600/bulan gatau masih apa engga deh,0
"info resmi pt.indofood no.anda t'dftr pemenang undian pop mie edisi 2013 mndptkn 1unit ""nissan juke"" pin;a1c5h79 info,kunjungi;www.popmieget.webs.com",0
yang sinonim bukan?,0
tapi kuliahnya sekarang. sp sebenarnya tidak boleh untuk kuliah yg ada praktikum.,0
yuk ambil ekstra 500% rebate 5% n cb smpai 2jt http://alrginh.site,1
promo gila smpai 1000k. bsa dpet 100% dgn tox8 (bnus di depan) http://mexwi1n.homes,1
kabar baik mmbr baru ekstra 100%  rebate harian 1%  http://shogunn77.xyz,1
promo gila smpai 1000k. bsa dpet 500% dgn tox5 (bnus di depan) http://ryute.store,1
buat mmber baru  langsung dpt ekstra 100% di depan anti gembel http://kisprikrim.live,1
"semau-maunya kita ama orang, gak bakal jadi kalau gak jodoh. segeleh-gelehnya pasti bakal nikah kalopun jodoh",0
"khusus buat kamu. paket internet hanya 10ribu dgn kuota 1.5gb selama 30hr, berlaku 24jam di jaringan tercepat indosat. balas sms ini ketik ya ke 919 sd 22 mei 15",0
haha ayook kita bully adi ndut sama sama,0
jadi nanti barang yg dipilih nyesuain budget aja diantara 7 pilihan diatas~,0
bali mah kudu berapa atuh duitnya,0
jadi kapan kita meet upnyaa nih temaan temaan?,0
mau dpet lgsung 200k? bsa lgsung diklaim loh. http://kra89.tech,1
bagi yg tertarik lanjut ke gemastik 2016 ini tempat diskusinya : http://line.me/r/ti/g/xxxxx,0
"ma"" belikan dulu besok pulsa 20rbu di no baruku ini 085340781778 penting",0
peringatan! mmbr baru ekstra 100% rebate harian 1% http://shogunn77.xyz,1
"lgi sering je pe nih, prmo smpai 100% dri 30k. http://nagadew4.store",1
"aamiin, makasih semuanya moga cepat lulus juga",0
bimbingan lg nanti nama1 da,0
"ada iring dgn tarif rp. 0,1/7hr (perpanjangan rp. 3190/7hr) dari hits armada - pencuri hati. tekan *808*3*1*4*1# lalu ok/call. info: 100&111",0
keren dn seru! dsni kmu bisa dpet bnyak hadiah! sgra ambil dgn chat kami! http://nagaddewa.site,1
"gabsa dilewtkan, promo 200% bsa lgsung klaim smpai 1jta. http://barislta.pro",1
"udah di benerin, kamu jangan sync dulu. backup filenya baru sync terus push dengan file kamu.",0
"mnang psti dibyar, prmo mmber baru. 100% (30k) http://nadew.xyz",1
pesan resmi dr tri care indonesia 2016 selamat no.anda mendpatkn hadiah dgn no.pin:47bl759 u/info silahkan kunjungi: www.gebyar3care-2016.jimdo.com,0
"hujan maks win dsni, promo smpai 100% dgn 30k. http://rajalab4.xyz",1
diagnosa mana? di pasien_irj ga ada diagnosa,0
"artha cell diskon brg elektronik bb dakota 3 juta bb onyx3 2,8 jt camera dll hub sms ke : 085335875777 pin bb 28bddf4d www.arthajaya-cell.blogspot.com",0
se^ru dn bnyak hdiah! hdiahnya bsa lgsung diambil! ckup dgn chat ya! http://nagadewago.com,1
ini no rekeningnya bri.a/n.a.sri narti no.rek.2219-01-001948-50-7.,0
penawaran istimewa mmbr baru ekstra 100% rebate harian 1% dan cb hngg 2juta http://rsagcrs.pro,1
"nama1 bisa lembar yg kamrin bisa minta ke pak anto. tp ibu minta yg di bab 2 harus diparafrase kalimatnya, jgn copy paste semua.",0
nyri yg seru? dsni ada bnyak hdiah loh! bsa lgsung ambil hdiahnya! http://dewaforzayuk.com,1
"mau dptin hdiah 10%/hri? tnpa syrat atau to, jgn lpa liat hdiah lainnya! http://dewaf0rza.com",1
tmpat pling sru! hdiah stiap hri tanpa syarat! & hdiah 100% untk yg bru! http://dewaforzahoki.com,1
ekstra 100% di depan utk pendatang baru jamin anti boncos http://xtragacor.pro,1
"bebas nama1, terus nanti kalau ada tgl libur, pajuin aja misal jadi kamis atau sabtu.",0
"kantong kering ga pernah wd? gomu kasih saldo diawal, isi 30.000 ekstra 200k, http://rpvwin.site",1
"[PROMO] Beli paket Flash mulai 1GB di MY TELKOMSEL APP dpt EXTRA kuota 2GB 4G LTE dan EXTRA nelpon hingga 100mnt/1hr. Buruan, cek  di tsel.me/mytsel1 S&K",0
2.5 GB/30 hari hanya Rp 35 Ribu Spesial buat Anda yang terpilih. Aktifkan sekarang juga di *550*905#. Promo sd 30 Nov 2015.Buruan aktifkan sekarang. S&K,0
"2016-07-08 11:47:11.Plg Yth, sisa kuota Flash Anda 478KB. Download MyTelkomsel apps di http://tsel.me/tsel utk cek kuota&beli paket Flash atau hub *363#",0
"2016-08-07 11:29:47.Plg Yth, sisa kuota Flash Anda 7160KB. Download MyTelkomsel apps di http://tsel.me/tsel utk cek kuota&beli paket Flash atau hub *363#",0
5 HARI LAGI ! EKSTRA Pulsa 50rb dg beli paket internet bulanan di MyTelkomsel utk pembelian pertama sjk 25Aug-25Sept. Cek detail promo di tsel.me/mytsel1,0
Akhir bulan harus tetap eksis loh! Internetan pake volume ultima 900MB/30hr. Hrga mulai Rp 35rb di *100*471#. Tarif&lokasi cek di tsel.me/fl,0
Anda akan berlangganan paket Rp. 10000 utk 150 MB 2G/3G + 250 MB 3G/90hari. Jika setuju balas FLASH<spasi>YA kirim ke 3636 utk melanjutkan. Paket diperpanjang pada akhir masa aktif dengan tarif sesuai lokasi Anda. Tunggu SMS konfirmasi sblm pemakaian. Info zona dan detail tarif lihat di Tsel.me/internet,0
"Anda akan membeli Paket Gampang Internetan Rp.1250 utk Chatting Sepuasnya (BBM, WhatsApp dan Line)/1 hari.Jika setuju balas FLASH<spasi>YA kirim ke 3636 utk melanjutkan.Tunggu SMS konfirmasi sblm pemakaian.Info detail tariff lihat di Tsel.me/internet ",0
Anda sedang menikmati Paket Reguler dgn sisa kuota 209715 KB.Dapatkan beragam Paket INTERNET HEMAT Tri di *123*3#,0
AngpaoPoinSenyum! Dptkan Vchr Lottemart 50rb dg tukar 2500poin (normal 5000poin) sd 11Feb16. Ketik *123*7887*2*5# TERBATAS! Info: www.indosatooredoo.com/angpao,0
Awal bulan saat nya anda eksis lebih lama! Internetan pake volume ultima 900MB/30hr. Hrga mulai Rp 35rb di *100*471#. Tarif&lokasi cek di tsel.me/FL,0
"Ayo anak Medan, beli sticker line dengan pulsamu Caranya klik http://www.telkomsel.com/linestore nama stickernya : Kedan Medan",0
BEBAS ekspresikan dirimu bersama Paket Freedom Combo dari Indosat Ooredoo. Segera hub *123# atau www.indosatooredoo.com/freedom,0
"Beli 1 Gratis 1 untuk Lychee Tea atau Latte Flavour dari Yellow Truck Jl.Patuha No.29. Tukarkan SMS ini. Hanya berlaku untuk hari ini, S&K Berlaku.Promo *606#",0
Beli 2 Gratis 1 atau beli 1 Diskon 25% tiket Kampung Gajah Wonderland Bandung s.d 31 Mei 2013. Tunjukkan SMS kpd Petugas .Info: www.indosat.com/kampunggajah,0
Beli paket Turbo mulai 50rb utk pembelian pertama di MyTelkomsel App sjk 25Aug - 25Sept dpt EXTRA PULSA TSEL Rp 50rb loh! Cek detail paket di tsel.me/mytsel1,0
BONUS PULSA Rp 100 rb..!! Spesial untuk kamu pelanggan setia Indosat Ooredo.Hanya dengan isi ulang Rp150rb skrg juga! Penawaran berlaku s.d 13 Jan 2016 (bonus hanya 1x),0
Buruan Download & Registrasi myCare di http://bit.ly/mycarepLy dan dapatkan Promo 10GB (4G) di Paket Freedoom M & L dengan harga khusus HANYA HARI INI.,0
"Buy 2 Get 3 tiket Trans Studio Bandung,mulai 14 Mei-14Juni 2013.Tunjukkan SMS ke petugas di lokasi. Info: www.indosat.com/transstudiobgd",0
Dapatkan Disc 20% di McDonalds khusus utk pembayaran dgn TCASH TAP!Dptkan stiker TCASH TAP di graPARI terdekat. Info tsel.me/tappromo,0
Dapatkan Disc.30% utk Dominos PAN PIZZA!Roti yg lebih tebal dgn keju terasa sampai pinggir!Mulai Rp45500.Kunjungi toko terdekat/telf 1500366/Klik panpizza.co.id,0
"Dapatkan EXTRA kuota 2GB 4G LTE dan EXTRA nelpon hingga 100mnt/1hr dg beli paket FLASH mulai 1GB di MY TELKOMSEL APP. Buruan, cek  di tsel.me/mytsel1 S&K",0
"Dapatkan voucher Cipika Rp 100rb utk belanja kuliner, gadget, fashion, dll. Tkn *123*45# pilih Cipika, GRATIS & terbatas. Info: www.indosatooredoo.com/12345",0
Disc.25%  Domino's Pizza Value Range s/d 14 Agustus.Kunjungi store terdekat/hubungi 1500366/visit http://bit.ly/294KoZ6 Kode:VR25D,0
"DISKON 50% utk Kacamata Lengkap + Bonus Kacamata Hitam, Tunjukan SMS ini di JL Gatot Soebroto 88 T.7333812. S&amp;K Berlaku.Promo*606#",0
Domino's PAN PIZZA!Rotinya lebih tebal dgn keju terasa sampai pinggir! Nikmati Disc.30% dimulai Rp45.500.Kunjungi toko terdekat/telf 1500366/Klik panpizza.co.id,0
DOUBLE kuota internet plus UNLIMITED Telpon dan SMS dengan Paket Freedom Combo dari Indosat Ooredoo. Segera hub *123# atau www.indosatooredoo.com/freedom,0
FREE DoubleScoop Ice Cream / Disc 10% di Haagen-Dasz dengan TCASH TAP! S&K berlaku. Info tsel.me/tappromo,0
"Hallo Bro, beli koin games pakai pulsamu yuk, mudah banget loh sob, cek http://tsel.me/jajanonline",0
Hari Rabu saatnya blanja di blanja.com & Nikmati diskon spesial untuk transaksi dengan TCASH! S&K Berlaku. Klik blj.co/tcashrabu,0
Hari Senin saatnya Nonton Hemat hanya 25ribu di Cinema XXI dgn TCASH TAP! Dptkan stiker TCASH TAP di graPARI terdekat. Info tsel.me/tappromo,0
"HARI TERAKHIR! Kunjungi Galeri Smartfren skrng, buat kamu Andromax A 4G jd 99rb (nrml 649rb). Tunggu apa lagi?!Stok terbatas.sd 22Agt.S&K.Info888.DL46J",0
Hi! Ayo coba Grab untuk pemesanan taxi yang cepat dan aman. Klik: https://invite.grab.co/37aa4d,0
HOT PROMO! Dptkan EXTRA PULSA TSEL 50rb dg beli paket internet pertama kali di My Telkomsel App sjk 25 Agsts - 25 Sept. Cek detail paketnya di tsel.me/mytsel1,0
"I‚Äôm spreading the GO-JEK love. Download the GO-JEK app at ‚Äúhttp://go-jek.com/app‚Äù and input this referral code ‚Äú545075264‚Äù to get Rp 50,000 free credit to your first booking. #gojekgotmehere",0
Ikuti JobFairActive & UjiKlyakanKerjaBerstifikat @PlasaTelkomMlg 9Feb13. dptkan platihan Intrview&Rekom kerja ke ribuan Ph. Info: www.indogetjob.com/085233334106,0
Jalani ibadah Haji dg nyaman tnpa prlu ganti kartu lokal.Nikmati GRATIS 2menit/hr trima telp dr IndosatOoredoo&Internet UNLIMITED Rp30Rb/hari.Info: *122*1# PAI3,0
"Jangan dikejar diskon berlari, beli RAWIT diskon datang sendiri.AYO isi ulang kartu AXIS kamu sekarang,dan pastikan besok ikutan promo Rabu RAWIT.Info838.LD279",0
"Jangan sampai kalah Bro, games mu bisa terbantu dengan menambah koinmu, beli aja pakai pulsa, cek caranya di http://tsel.me/jajanonline",0
"Jumat BAIK promo, BRONET 24Jam 1GB 30hr Rp10900 dan BRONET 4GB 60hr (24Jam 2GB + 00-06 2GB) Rp24900. SEGERA aktifkan paketnya melalui *123*888#.Info838.LD268",0
"Kapan lg beli paket Flash mulai 1,3GB di MyTelkomsel dpt Extra PULSA Rp 50rb? Utk pembelian pertama sjk 25Aug - 25Sept. Cek detail paket di tsel.me/mytsel1",0
"Kartu 4G-LTE Anda telah aktif Dapatkan kuota tambahan sd 10GB&konten menarik dijaringan 4G, hub *123*46#. Info lokasi www.indosatooredoo.com/4G",0
"Ketik FLASH<spasi>INFO kirim ke 33636 utk status paket kamu. Loopers! Dptkan info tren anak muda, challenge & pembelian paket di loop.co.id & follow@loop_id",0
"Koinmu tinggal dikit untuk lanjutin gamesmu? Beli pakai pulsa aja Bro, cek http://tsel.me/jajanonline",0
"Mainkan terus games mu sekarang, dan beli koinnya pakai pulsamu, cek caranya di http://tsel.me/jajanonline",0
"Mau cepat dan ga mau ribet cek pulsa & sisa kuota internetmu? Yuk download aplikasi myCare sekarang juga, atau akses di https://mycare.indosatooredoo.com",0
"Mau Cepat GIFT Paket/Extra Kuota Internet & ga mau ribet isi ulang Pulsa? Download aja aplikasi myCare, smuanya jadi mudah. Install di http://bit.ly/mycarepLy",0
"Mau ekstra telpon, SMS, Internetan (S&K berlaku)? Ikuti surveu singkat tentang aplikasi musik s/d  3 September. Klik: http://tsel.me/mulu",0
"Mau jajan? Gak usah kemana-mana sob, jajan online aja, terutama buat kamu yang suka nge games, cek http://tsel.me/jajanonline",0
"Murah dan seru banget main gamesmu, pakai pulsa aja beli koinmu, cek caranya di http://tsel.me/jajanonline",0
"Nelpon MURAH hanya Rp 2500/panggilan ke MAL, SIN, Thailand, HK, China & USA dgn tekan 01016+Kode Negara+No Tujuan. Info: www.indosatooredoo.com/flatcall2500",0
"Nikmati Combo Wendy's Fried Chicken, nasi dan minum hanya Rp. 19.000 periode 13-19 Juni'16.Tukarkan SMS ini di Wendy's terdekat! Persediaan terbatas.Promo *606#",0
Nikmati Disc.40% utk Dominos Pizza Premium BIG PARTY WEEKEND.Harga Mulai Rp.48rb.Berlaku dine in/take away s/d 8 May'16.Kunjungi store terdekat/hubungi 1500366,0
Nikmati Discount 20% di Bakmi GM setiap hari hny dgn TCASH TAP! S&K berlaku. Info tsel.me/tappromo,0
"Nikmati diskon 25% tarif SLI 008 ke SEMUA NEGARA mulai pukul 00.00 sd 06.00 WIB, sd 31Agustus 13. Info lengkap ketik *122*5*4# atau www.indosat.com/iddpromo",0
Nikmati Double Internetan di jaringan Data terkuat 3GB dan 3GB (4G) dan Tlp&SMS SEPUASNYA dgn pkt Freedom Combo. Daftar *123# atau http://mycare.indosatooredoo.com,0
"Nikmati DOUBLE kuota PROMO 10GB(4G) di jaringan Data terkuat, UNLIMITED Nelp&SMS. 24JAM, dgn pkt Freedom Combo. Tekan *123# atau indosatooredoo.com/freedom",0
Nikmati EKSTRA PULSA 100% dgn isi ulang min. 50rb HANYA di aplikasi MyTelkomsel menggunakan T-Cash! Download di http://tsel.me/1 Promo s/d 11 Agst 2016,0
Nikmati EKSTRA PULSA 50% dgn isi ulang min. 100rb HANYA di aplikasi MyTelkomsel menggunakan Kartu Kredit VISA! Download di http://tsel.me/1 Promo s/d 11 Agst 16,0
Nikmati EXTRA 2GB 4G LTE + EXTRA kuota hingga 1GB midnight dg beli pkt FLASH 1GB/30hr mulai Rp 43rb di *363*49# Cek tarif di tsel.me/FL SKB,0
Nikmati EXTRA 2GB 4G LTE + EXTRA voucher belanja hingga 100rb dg beli pkt FLASH 1GB/30hr mulai Rp 43rb di *363*49# Cek tarif di tsel.me/FL SKB,0
NIKMATI INDOSAT SUPER 3G+ utk Internetan ckp 10rb/minggu dpt Kuota 225MB(50MB+Bonus 175MB jam 00-06)Kecepatan hgg3.6Mbps.tekan *123*4*1*1# syarat berlaku hub:100,0
"Nomor kamu tidak memiliki Paket NetMax. Dapatkan Paket NetMax 5.5GB dan 7GB melalui hape *123#, aplikasi BimaTri, atau website tri.co.id.",0
Pakai XL tdk perlu repot setting bisa langsung internetan. Yuk aktifkan paket Internet di My.XL.co.id sekarang.,0
Paket Anda sudah di non-aktifkan atas permintaan Anda. Penggunaan Internet anda akan di kenakan Tariff Dasar Internet sesuai skema tariff kartu Anda. Hubungi *363# untuk aktifkan Paket Internet lainnya. Info lebih lanjut www.telkomsel.com,0
Paket Super Murah 2 pcs c strip/1 Ayam sayap+nasi+teh pucuk Rp.15.909.Tukarkan SMS ini di CFC YOGYA SUBANG hari ini!Selama persediaan masih ada.Promo *606#,0
Paket Tsel Flash akan berakhir tgl 07/08/2016. Akan diperpanjang dg 10 MB utk 1 hari dengan harga 2500 dpt berubah sesuai lokasi anda .  Pastikan pulsa anda mencukupi. Utk berhenti berlangganan Ketik FLASH OFF ke 3636. Info detail tariff lihat di Tsel.me/internet ,0
Pelanggan Yth. Update informasi tarif terbaru anda di tsel.me/as atau hubungi 188 (Rp 300/call).,0
Pembelian Dave's Single Burger Gratis Small Fries & Minum. Periode 5-11 September 2016. Tukarkan SMS ini di Wendy's terdekat! Penawaran terbatas.Promo *606#,0
"Penawaran Spesial, Obral Paket Data 1.5 GB(00-24)+nelpon sepuasnya ke nmr Indosat hanya Rp20rb utk 1minggu.Daftar skrg ketik YA ke 929 berlaku hari ini RTX1",0
"PROMO: Beli paket Flash mulai 1GB di MY TELKOMSEL APP dpt EXTRA kuota 2GB 4G LTE dan EXTRA nelpon hingga 100mnt/1hr. Buruan, cek  di tsel.me/mytsel1 S&K",0
"Ribet bolak balik cek pulsa&cek sisa kuota internetmu? Download aja aplikasi myCare, hanya 1x klik semua jadi mudah. akses di https://mycare.indosatooredoo.com",0
Saatnya pindah ke jaringan 4G TERCEPAT. Tukar kartu Anda di Gerai IndosatOoredoo Jl.Jend Soedirman-Purwokerto &dptkn bns Rp25rb (utk Nelp/SMS ke IndosatOoredoo),0
Selamat Anda mendapatkan voucher Berrybenka Rp100rb. Masukkan kode voucher TW96d saat transaksi di www.berrybenka.com/simPATI. Mau voucher lain? Hub *999*1#,0
Selamat Anda mendapatkan voucher Lazada Rp100rb. Masukkan kode voucher TSt88 saat transaksi di www.lazada.co.id/simPATI. Mau voucher lain? Hub *999*1#,0
Selamat Anda mendapatkan voucher Zalora Rp100rb. Masukkan kode voucher TSU59 saat transaksi di www.zalora.co.id/simPATI. Mau voucher lain? Hub *999*1#,0
"Selamat bergabung di Tri, nikmati kuota 3GB utk 30 hari.Kuota akan diperpanjang otomatis selama pulsa cukup. Nikmati bonus kuota berlipat hingga 1GB setiap perpanjangan. Kartu otomatis menjadi non-aktif jika dlm waktu 3 bln tdk ada aktivitas sama sekali",0
"Selamat Paket Flash 10 MB (1 hari) Rp.2500 telah diaktifkan, berlaku s/d tgl 07/08/2016 pk. 23:59 WIB. Paket langsung diperpanjang pada akhir masa aktif paket dengan tarif sesuai lokasi Anda. Cek status/berhenti berlangganan melalui *363#. Info detail tarif lihat di Tsel.me/internet",0
"Selamat, Anda mendapatkan kuota Tsel sebesar 100SMS. Cek kuota melalui *889#. Info: www.telkomsel.com",0
Sensasi seru main game yang belum pernah ada. Ayo bergabung dengan para heroes di Game HIT. Download Gratis di http://bit.ly/2c6jsXN,0
"Seru banget main 8 Ball Pool, pakai pulsa bisa banget loh Bro untuk beli koin games lainnya, cek caranya di http://tsel.me/jajanonline",0
"Spesial untuk Anda! Paket Flash Volume Ultima, kuota 1,8GB/30hr, kuota lebih banyak! Harga mulai Rp60rb di *100*473#. Tarif&lokasi cek di tsel.me/FL",0
"Tambahan THR dr MatahariMall. Kode THR6 utk Diskon 6% Elektronik, kode THR15 utk Diskon 15% Lifestyle, kode THR25 utk Diskon 25% Fashion. http://mthr.ml/TSELTHR",0
"Terkini, ungkapin apa yang ada dipikiranmu lewat sticker line, beli pake pulsa TSel https://store.line.me/ download di stickershop",0
Terus Isi saldo TCASHmu dan nikmati aneka promo di merchants partner TCASH! Cek promo terbaru TCASH di tsel.me/tappromo,0
"TrmKsh Anda Tlh Berhasil Mengisi Pulsa SMARTFREN 10.000.Mau Jualan PULSA/BAYAR LISTRIK,SPEEDY/TELKOM Hub:Agen BAROKAH/Mp Reload.Pasti untung?",0
Udah top up coins di LINE utk beli sticker atau themes? Beli skrg jg pake pulsa utk tambah koleksi-mu! Cek caranya di http://tsel.me/jajanonline,0
"Use my invite code, nxmvf722ue, and get a free ride up to Rp75,000. Redeem it at https://www.uber.com/invite/nxmvf722ue",0
Yuk dengerin secara langsung update keseharian Seleb dr Blog Suaranya! Tlp *5094* GRATIS 3hr lalu Rp2500/mgg.CS:838. VAS280,0
"Yuk INTERNET-an NGEBUT utk akses FB, Twitter, & Chatting dgn beli Paket Flash 500MB/7hr (sesuai zona lokasi) mulai Rp25rb di *100*433# cek tarif di tsel.me/FL",0
"Yuk temen belanja di google play, mudah banget loh, pakai pulsa juga bisa, http://tsel.me/jajanonline",0
"Yuk tetap gunakan Flash Volume Ultima utk update informasi Anda, kuota 60MB/7hr mulai Rp7rb di *100*431#. Tarif&lokasi cek di tsel.me/FL",0
Mau nonton bioskop gratis bersama keluarga? Cigna berikan khusus untuk Anda. Tunggu telepon dari kami. Info Cigna Klik bit.ly/tentangCIGNA,0
Yuks internetan seru-seruan dg Flash Volume Ultima kuota 1.8GB/30hr mulai dari Rp60rb sesuai zona lokasi. Hub *363*145#. Info tarif & lokasi lihat di tsel.me/FL,0
"Lelah byr min payment? Kami Solusinya, bantu secara LEGAL penutupan CC/KTA, dscn 50-75%. Hub.LoLyta 081316523061/087822962308 (WA). LEGAL",0
3 RAMADHAN Selamat Anda Pemenang Rp.100jt. PIN CODE 7Y7R8K9Z Info: www.hadiah-3ramadhan.blogspot.com   ,0
Anda brminat cash&kredit mtor scond brg istmwa tipe&merk apa sj.dsini mnyediakn 50 unit dr thn 2004 keatas hub 087739124242/085743146233 MS DEDIKTP luar yk bs.,0
Anda pmain togel sring kalah.mau bagi hasil. MBAH JOKO bisah mbntu anda SIO/ANGKA dari RETUWAL Berminat. Hub : MBAH JOKO.di. 085217984299 Dijamin 100% tembus,0
"ANEKA SHOP Berbagi Promo Type Blackberry DAKOTA 2,4 jt, TOURCH 1,7 jt, ONIX.2 1,5 jt, GEMINI 800 rb, U/Pemesanan 085325557999 Pin BB-2A96DE82 www.aneka999.blogspot.com",0
Anyonghaseyo! Ngaku KPOPers Sejati?? Ayo lengkapi koleksi Video Kpopmu di http://kpop.xl.co.id. Skrg Harga video lebih murah loh! Info*123*2200#,0
"Artha Cell diskon Brg elektronik BB Dakota 3 juta BB Onyx3 2,8 jt Camera DLL HUB Sms ke : 085335875777 Pin BB 28BDDF4D www.arthajaya-cell.blogspot.com",0
"Ass, Sy Randy. Mengenai mobil yg sdh sy liat kondisi'y , kebetulan kami berminat. Mohon hub Bapa sy utk dibicarakan hrg netnya; Dr.H.DARMAWAN 0812xxxxxxx",0
"Ass,maaf sy WAHYU.mengenai Mobil bpk yg mau di jual sy sudah lihat dan cocok, Untuk nego hrg silahkan Hub saudara sy di 081219550857 dgn pak JUSMAN SAFEI (TP)",0
Ass. Maaf sy by hj.suri yang kemarin survey rumah anda. Mengenai harga bisa hub suami saya H. SIGIT tlp 081316005639.terima kasih,0
"Ass.sy SUGIYONO yg tempo hari mngenai mobil TOYOTANYA,sy brminat,cocok,tlong hub sodara sy dlu,untuk negosiasi harganya. A/N;ABDULLAH HP;081389909777",0
"Assalamu alaikum,saya RESKI dr Costumer Servis TRI PLAZA SEMANGGI lt.1 JL.jend sudirman jkt pst sdh m-hubungi anda waktu pengundian di lakukan tapi no.anda tdk tersambung, jd kami krimkn lwt SMS sebelum jatuh tempo, bahwa no.anda menang undian dr TRI 2014 jenis hadiah 1unit mobil SUZUKI ERTIGA NEW,dengan PIN 2D45CS77, jadi silahkan cek terlebih dahulu di website; www.tricare.jimdo.com /hub; 021-40161777 / 08994179888¬†",0
"BELANJA ONLINE Promo Disc 50% BB Dakota 2,8jt BB Onyx3 2,2jt BB Z10 3,5jt DLL, Info/sms: 085775102735 PIN:BB.2A03F3F2 Atau Klik: www.jaya-olshop.blogspot.com",0
BELANJA ONLINE TOKO RESKY DISCON 50% BB LAPTOP SAMSUNG IPAD NOKIA DLL U/pemesanan/order ¬†call/sms 085322222699 kunjungi web kami di www.reskiy-shop.blogspot.com,0
"berkah 1000 poin"" Nomor Anda mndpt Hadiah ke-I Pin d377hi8, silahkan verifikasi Pin Pemenang di situs resmi www.berkah1000poin.wix.com/prize",0
"Berkat isi ulang pulsa No anda T,pilih sbg pemenang Cek tunai Rp.75jt dri PT.M-KIOS PIN:(5N939F7) U/INFO KLIK www.pt-mkios15.blogspot.com",0
Berkat isi ulang pulsa No Anda Terpilih sbg Pemenang kejutan tri Men-dpt cek TUNAI 100jt dr PLANET-3CARE PIN:b8337h9 cek hadiah anda di www.planet-3care2015.blogspot.com,0
"BIG SALE !!! DISCOUND 40% Z10-4,4jt IPHONE 5 32GB-3,7jt S.NOTE 2-3,8jt CAMERA, LAPTOP dll PIN BB 28AB8391 Call/sms: 0897-9844-777 Kunjungi www.indracell.com",0
"BIG SALE 50% SINAR Blackberry -Z10 Rp.3,8jt -Dakota Rp 2,8jt -Tourch Rp 2jt -Davis Rp950 rb Infohub/sms: -089664054777 -297CCFA7 www.snr-bb.blogspot.com",0
"Blackberry City Jual Blackberry Discond 40% Dakota 2,5jt Torch2 2,2jt Onyx3 2,1jt Davis 1,3jt Gemini 3G 1,1jt U/info Hub: Ibu.Anita 081315277257 PIN BB:29762D76",0
Bpk/Ibu Mengenai Rekening Anda Terpilih Sebagai Pemenang  Cek 35jt Dri BNI U/Info klik www.promobni46.tk Kode Cek 03299757 Hub.085288991559,0
"Bpk/Ibu Yth, Pemilik No.08994150xxx PIN Undian:4881247 Resmi m-dptkan Rp.15jt Cs: 02199545139 atau Klik: 3care2016.com",0
"BPR SYARIAH di Yogya siap melayani pembiayaan usaha anda.syarat:copy KTP,KK,Buku Nikah, cukup dg jaminan bpkb.sertipikat,proses survey cepat hub: 082133271400",0
CAHAYA TRAVEL TIKET Murah & promo untuk penerbangan Domestic & Internasional ONLINE BOOKING 24 jam hub 081310537888 kelik www.cahayatourtravel.com,0
"Casino online terbesar, www.jayabet4.com , daftarkan diri+ Raih bonus referral+ bonus cashback sportsbook 0.25% setiap minggu. Mainkan di Smartphone dan PC anda",0
Dapatkan e-Tiket Murah & Promo Untuk Penerbangan Domestic & International BOOKING ONLINE Info Hub: 085216181177 www.surya-travel.jimdo.com,0
dapatkan total hadiah ratusan juta rupiah di Kota 1000 Berkah. Caranya? Klik www.murahituim3.com/kota1000berkah Program s.d 9 Agustus 2013,0
Daptkn e-TIKET pesawat PROMO melayani Domestik and internasional booking ONLINE cepat & aman hub: 085217845777/082310204777 Link www.citiling-travel.com,0
"Dijual ticket SUPER JUNIOR TGL 28/29 APRIL dan LADY GAGA TGL 03 JUNI harga Gold=2,25jt tribun3=1,25jt info hub;0853-9937-1888 lady-ticket.webs.com",0
"Gebyar poin plus-plus INDOSAT Edisi 2013 priode ke'9, No PIN undian anda (d377hi8) Resmi meraih hadiah, utk info; www.gebyarINDOSATpoinplus.weebly.com",0
GEBYAR telkomselpoin 2013 no anda trpilih pemenang ke-4 pin 277fg49 silahkan verifikasi pin anda disitus resmi www.t-selpoinhadiah.jimdo.com,0
"Gratis 120 menit Nelpon ke Sesama Indosat, 120 SMS ke Sesama Indosat&12 MB Internet slma 12 JAM tiap Isi Ulang 12 Rb.IsiUlang pulsamu 12Rb &Nikmati GRATISANnya",0
"GRATIS Internetan hg 1000 MB, Nelpon 1000 Menit & 1000 SMS ke Sesama Indosat dg IsiUlang mulai 10Rb.Utk daftar ketik GRATIS kirim ke 123 (GRATIS) lalu isi Ulang",0
"GT-SHOP Disc.41% BB Z10 3jt BB Torch 2jt BB Davis 1jt Minat? Galaxy S4 3,5jt Cp.08994352577 Pin.25A1785B Gili-SMS versi Demo. Http://www/yusiwa.com",0
Guntur ingin berhubungan di Facebook:http://fb.com/l.1lnzH4p0lCM7ruG Balas ‚Äústop‚Äù unruk berhenti menerima sms Facebook.,0
Hi Trims kmu udh gabung layanan Bung Gita Bicara Bola!Dpt info menarik n Prediksi Akurat dr Bung Gita! 3info/mg 2rb/sms.Stop: unreg Gita ke 3450.CS:0215649770,0
"HQUARTERS Business Residence Lokasi Emas-ASIA AFRIKA Bdg Hrg Prelaunch,PROFIT 140%,ROI 10%/thn Bs LIBUR Byr 2Th TSM 21Des-3Jan www.hquarters.co.id 085794074188",0
INDOSATpoin Plus-plus 2013 SELAMAT SimCard +6281571xxxx Resmi Terpilih M-dpt HADIAH Pin-b89c7h9-di Sahkan Oleh PT.INDOSAT info klik www.infoindosatpoin.webs.com,0
"INFO PT.M-KIOS hsil pengundian berkat isi pulsa, Selamat No.HP 0852952xxxxx m-dpt Hadiah PIN Pemenang anda 94ad653 Info klik www.berkat-isiulang-pulsa.webs.com",0
INFO RESMI !! Selamat Anda Terpilih sbgi Pemenang' semarak Undian PT.INDOFOOD INDONESIA No pin: d377hi8 Info Pin&hadiah Klik:www.semarak-undianpopmie.webs.com,0
INFO RESMI kepada bpk/ibu yang terhormat SELAMAT No ANDA Pemenang ke 2dari pesta isi ulang 3care No PIN:25e477r di undi tadi malam pkl 22:30 di SCTV U/info hadiah anda klik Www.3care16.blogspot.com,0
INFO RESMI kepada/bpk/ibu yang terhormat SELAMAT No ANDA Pemenang ke 2dari pesta isi ulang 3care. No PIN:25e477r di undi tadi malam pkl 22:30 di SCTV U/info hadiah anda klik Www.tricare16.blogspot.com,0
"INFO RESMI PT.INDOFOOD No.Anda t'dftr pemenang UNDIAN POP MIE edisi 2013 Mndptkn 1unit ""NISSAN JUKE"" PIN;a1c5h79 info,kunjungi;www.popmieget.webs.com",0
INFO RESMI PT.TRI CARE PIN Pemenang ( 8jf2177 ) anda m-dptkan HADIAH I unit TOYOTA YARIS U/Info cek pin klik: www.tricare2015.blogspot.com,0
Info resmi pt.tri care pin pemenang (8jf2177)  Simcard anda resmi mendapatkan hadiah 1 unit toyota yaris dari no 08968594√ó√ó√ó√ó,0
INFO RESMI PT.TRI.3 SimCard anda Resmi M-dptkan Hadiah MOBIL MAZDA-2 KODE PIN: E2747MLB Info Hub: 08996913677 KLIK: www.inforesmi3care.com,0
INFO RESMI SELAMAT!!! NO simCARD Anda Men_dptkn Uang Tunai Rp 45jt. Dr PT.INDOSAT PIN(TBL48VG) info Hub: 085694961118 A/u klik www.indosat-info2013.jimdo.com,0
INFO RESMI Tri Care SELAMAT Nomor Anda terpilih mendapatkan Hadiah 1 Unit MOBIL Dri Tri Care Dengan PIN Pemenang: br25h99 info: www.gebeyar-3care.tk,0
"INFO RESMI: PT.INDOFOOD Selamat Anda M-DPT MOBIL NISSAN JUKE, Kejutan Pop Mie. PIN:2F5C4D7 HUBUNGI:085715023547 DRS.H.NALDISUPARMAN www.gebyarpopmie40.webs.com",0
Ini no rekeningnya BRI.A/n.A.SRI NARTI NO.rek.2219-01-001948-50-7.,0
ini rekeningnya bank bri.no/rek.018801.006474.53.2.a/n:IR MAYANI,0
Ini Rekeningnya BANK MANDIRI. NO.Rek:150-00-1002402-2.A/n: MURTIANI,0
Ini Rekeningnya BRI. Rek: 0881-1010-3433-4506 A/n.RASTO MURDOYO.,0
"Ini, Rekeningnya. Bank BNI No.rek.0277285682 A/n.WAHYUDI ALAMSYAH sms klo sudah dikirim",0
"ISI PULSA lebih untung di MYVPLUS! selain dpt PULSA kamu bisa lsg dpt voucher diskon, dpt hadiah dan juga dpt point. Yuk klik : http://bit.ly/Myvplus",0
Isi ulang Pulsa Rp.5000 regular oleh HD COM 4 SUKSES pada 09/02 12:34.Ref:763179369.GRATIS PULSA sd 250rb hg 7Hr 7Mlm.Ktk:GRATIS krm ke 123,0
Isi ulang Pulsa Rp.5000 Regular oleh PUTERA SUKSES pada 11/02 19:57.Ref:78330280.GRATIS PULSA sd 250rb hg 7Hr 7Mlm.Ktk:GRATIS krm ke 123,0
"Kami dr Ktr INDOSAT sdh hub nmr anda tp tdk trsambung,jd kami krm SMS bhw no anda mendpt mobil JAGUAR PIN;d377hi8 info www.kejutanindosat-plusplus.weebly.com",0
Kami sdh mnghubungi tdk trsambung SIM CARD anda mendapatkan hadiah ketiga dri PT.AXIS pin [02399877] Klik  www.hadiah-ptaxis.blogspot.co.id,0
"Kemudahan dan Keamanan bisnis TOGEL kini Berbentuk online, Bergabung dan raih keberuntungan anda di www.brotogel6.com Satu-satunya situs togel online terpercaya",0
Kepada yth bpk/ibu pelanggan tri saya sumargani dr OPERATOR tri plaza semanggi lt1 jl jend sudirman kav50 jkt pst kirim sms krn nmr anda sulit saya hubungi dengan hal sebagai berikut nmr anda mendapat HADIAH dr promo undian 2013 HADIAH KE4 SUZUKI ERTIGA PIN ANDA:7t899b3 info.www.promotri2013.jimdo.com,0
Keputusan resmi 3care selamat No.anda Terpilih M'dpt Tabungan Rp.35jt Pin:M902CX8J info kelik www.programisiulang3care.tk¬†,0
km dari BANK BRI Sdh tlp tdk bs jd km SMS No.PIN Pemenang anda KG65H8K9 M-dpt HADIAH dari Untung Bliung BritAma Info klik www.HadiahkejutangBri.blogspot.com,0
Layanan VIP GAMES Rp3300/sms 4x/mgg sdh diperpanjang.Nikmati layanan disini:http://live.vipgames.me/?sid=40186483 stop? *123*66#. CS:02152971540,0
Maaf kami sudah menghubungi tapi tidak tersambung No Anda meraih hadiah ke-2 dr. PT.MKIOS pin Anda M248K81 cek pin Anda di. www.pusat-m-kios7.blogspot.com,0
"Maaf saya Bu Nur, tanah yang di tanjung api-api saya sudah lihat dan sudah cocok, untuk masalah harga tolong hubungi suami saya aja, pak H.SULAIMAN di no hp. 08xxxxxx, karena kebetulan saya ada acara.Tks",0
"Maaf' Soal Angsuran bulan ini Pembayaran harus melalui ke bpk.Yogi, HP: 08562115779, soalnya sdh dikuasakan",0
"Maaf tolong uangnya ditransfer saja ke Bank xxx An. xxx No.Rek 2952149xxx, bila sudah ditransfer SMS saja, terima kasih",0
"Manfaatkan fasilitas pinjaman tanpa jaminan, syarat F.copy KTP, Kartu kredit, proses 3 hari kerja, info, hub: Rasti 021 91998977",0
Manfaatkan segera creditCard anda utk apply pinjaman 20-250jt ada cashback berminat hub: Bintang 021-27450166.tks,0
Mau Liburan Gratis ke Lombok Sambil Belajar Foto? Klik http://goo.gl/FVcnW .Paket Internet HANYA Rp1500 dpt 7MB/1hr. hub *100*15# .Cek status paket di *889# <<,0
Mau Nissan Juke?Ayo beli POPMIE skrg dan kirim kodenya di *200*200*Kodeuniq# siapa tahu kamu pemenangnya.Hati2 penipuan CS:02171790989 klik http://goo.gl/dm7PK,0
Mau Uang Tunai 1jt?Ayo gabung layanan Video Cliponyu & Keluarkan jurus gombal-mu yg paling dahsyat utk host2 cantik Cliponyu. Ketik CLIP ke 99900.CS:02129657333,0
"MEGA PRIMA TAMA PROMO DISCON 20-50% Blackberry dacota rp. 2.700.000 onyx 2 rp. 1,8 iphon,ipad Laptop, Camera, DLL INFO www.megaprimatama.com PIN BB 2A9EA404",0
meganai Ruma bpk/ibu yg mau di jual sd di surpai dan sy berminat sy tlpn tdk bisa tembus masalah harga hub suami sy 085399700354 Dr.H.IRAWAN,0
"MELEJIT PINTAR,kursus suami-isteri aktifasi smangat bljr&penguatan fungsi i=otak anak agar prestasi mningkat.Telepon 02749447574 atau ketik OK sms ke 081931753240",0
"Mengenai Rumah Bpk/Ibu yg mau di jual sdh di survey dan sy berminat,sy telpon tdk bisa tembus. masalah hrg hub suami sy. 0823-7390-1777 Dr.H.IRAWAN",0
"NAGAMAS ELECKTRONIK BB Dakota>2,4jt BB Davis>900rb BB Gemini>rbq BB Torch>1,7jt DLL Call. 085777779458 Sms. 0818433247 Pin BB: 2A550530 www.nagamas-cell.com",0
"Nasabah Bank BRI Yth, Selamat Anda Mndptkan Cek Tunai Rp.27jt dari BANK RAKYAT INDONESIA Pin : (ijh76k79) u/Info klik dan Kunjungi :www.hadiahBRI.blogspot.com",0
Nasabah BRI yth. Anda dapat cek. 27.juta dari undian BRI Kode triplle cek anda (02599875) info hadiah klik www.bripusat2016.blogspot.com,0
Nasabah BRI Yth. Norek anda terpilih sebagai pemenang UNDIAN BRI-2016 KODE PIN anda (ijh76k79) U\info HADIAH anda klik: www.undian2016bri.blogspot.co.id,0
"NASABAH Yth, Anda Di Minta Menghub BRI Prihal Tabugan Anda dapat Cek Rp.27jt dri BRI dgn KODE CEK: 02599875 INFO Klik: www.callcenterbankbri.blogspot.co.id",0
Nasabah yth.rekning tbungn anda ERROR&hrus di monitor ulang agar bisa di gunakn kmbli.maaf sblum ke kntor hrap hub pk ARYADHI dlu di.0816288602.tks,0
Nasabah Yth: Rek anda mndpt cek Rp.27jt kode cek anda (02599875) Info Hub: 085828523888. atau klik www.hadiahbankbri2016.blogspot.co.id,0
"NASIB:Berbagi, berbakti Rutinkan 2 hal ini Maka ringanlah beban2 hidup. dpt wallppr di http://m.m4in.biz/r?74WhuM STOP: *123*66# / ketik UNREG NASIB ke 92828 CS: 087789917018",0
NASIB:Nutrisi otak slh 1 nya berfikir positif. klo sdh segala hal bs jd ilmu. dpt wallppr di http://m.m4in.biz/r?jXPC42 STOP: *123*66# / ketik UNREG NASIB ke 92828 CS: 087789917018,0
No.ID Pengisian pulsa M-Tronil Anda (672AT88) Mendapatkan HADIAH PROGRAM Poin isi ulang M-Tronik U/info Resmi Pemenang klik www.isiulangmtronik.webs.com,0
Pelanggan Yth SimCARD Anda M-dptkan Cek Tuanai Rp:27jt Dari PT.TRICARE INDONESIA Pin Anda HDR7JN7 U/Cek Pin Kunjungi www.programundiantricare-2015.blogspot.co.id,0
"Pelanggan yth, Anda mendapatkan hadiah ke (2) dari, POIN PLUS PLUS INDOSAT. Pin pemenang: b89c7h9 info pemenang klik www.indosatpoinplus-7887.webs.com",0
"Pelanggan Yth, Selamat, Anda men-dpt hadiah dr: Pengundian PT . INDOFOOD POPMIE pin anda FH53X77, U/info klik:www.pop-mie-indofood.webs.com",0
"Pelanggan yth,saya mba muliani operator Tri. Telah menghubungi anda tapi tidak tersambung jadi informasi ini saya sampaikan lewat SMS sebelum hadiahnya jatuh tempo. Selamat nomor Tri anda menang undian dr pesta isi ulang pulsa,Pin pemenang (25b17h) segera hubungi kantor Tri jakarta. Tlp; 089660608887 info klik: www.3tricard.blogspot.com",0
"Pelanggan yth,saya REZKY operator TRI, telah menghubungi anda tapi tidak tersambung jadi informasi ini saya sampaikan lewat SMS sebelum hadiahnya jatuh tempo, selamat no Tri anda menang undian dr pesta akhir tahun TRI Pin pemenang (2547afr) Info klik; www.bonus-tri75.blogspot.com",0
"Pelanggan Yth. kami dri kantor TRI jakarta sdh menghubungi No anda tpi tdk tersambung, Informasi ini kami sampaikan lewat sms, No Anda trpilih memenangkan HADIAH Cek Rp.35juta.dri Undian isi ulanag TRI-2016,PIN undian anda.(2547afr) U/Info;089653382227 KLIK; www.care27.blogspot.com",0
pelanggan yth. SIMCARD Anda sbg pemenang Mendapatkan HADIAH Mobil Toyota ALL NEW YARIS PIN:8jf2177 dari GEBYAR UNDIAN 3 CARE Untuk Info lenkap klik: www.infoundian-3care.blogspot.com,0
Pelanggan YTH. SIMCARD Anda sbg Pemenang Mendptkan HADIAH Mobil Toyota ALL NEW YARIS PIN:8JF2177 dari GEBYAR UNDIAN 3 CARE Untuk Info Lenkap Klik: www.infogebyarhadiah3care.blogspot.co.id,0
Pelanggan Yth. SIMCARD Anda sbg Pemenang Mendptkan Hadiah Mobil Toyota ALL NEW YARIS PIN:8JF2177 dari GEBYAR UNDIAN 3 CARE Untuk Info Lenkap Klik: www.infohadiah3care2016.blogspot.co.id,0
Pelanggan Yth. SIMCARD Anda sbg Pemenang Mendptkan HADIAH Mobil Toyota ALL NEW YARIS PIN:8JF2177 dari Program Pesta Akhir Tahun 3 Care Untuk Info Lenkap Klik: www.infohadiah3care2015.blogspot.co.id,0
Pelanggan Yth. TRI CARE No.XV/2015 PIN_PEMENANG ANDA 8JF2177. Mendapatkan Hadiah 1 Unit Mobil Toyota Yaris. Info klik http://tri-3.webnode.com/ UNTUK MENCOCOKKAN PIN PEMENANG ANDA,0
Pelanggan Yth: Selamat! No.SimCard anda 081571xxx resmi menang undian POIN plus-plus Edisi th2014 Pin anda:er56d7 U/info klik: www.hadiah-poin.blogspot.com,0
Pesan resmi dari 3care Bahwa saya mendapatkan undian ketiga uang tunai 100juta.www.tri-indonesia2016.blogspot.com,0
PESAN RESMI dari M-KIOS PESTA ISI ULANG KRT anda terpilih men-dptkan HADIAH ke-4 cek 100jt PIN:M7H7R47 hub:custumer klik: www.snmkios-ed16.blogspot.com,0
pesan resmi DARI PT.PLANET 3CARD anda mendapatkan hadiah CEK TUNAI Senilai Rp.100jt jatuh ke pemenang (3) kode PIN:bg58757 silahkan CEK di: www.planet-3care2016.blogspot.com.,0
pesan resmi dari PT.TRI CARE indonesia selamat SimCARD anda mendapatkan hadiah senilai 100 juta jatuh ke pemenang (lV) kode pin ijh76k79 silahkan cek di www.pt-tricare.com,0
"PESAN RESMI DARI PT3CARE berkat isi ulang pulsa No. anda RESMI mendapatkan hadiah.Rp. 100 juta dari 3CARE dengan PIN. pemenang anda (b8337h9) u/info klik, www.hadiahlpt3care959.blogspot.com",0
"PESAN RESMI DARI TRI3CARE, SELAMAT ANDA MNDPT HADIAH 1UNT MOBIL HONDA JAZZ RS,NO.PIN PEMENANG ANDA : 47BL759 UNTUK INFO KUNJUNGI : http://gebyar-3care2016.jimdo.com",0
PESAN RESMI dr PT.Tricare Slamat No anda tpilih mndpt HADIAH 1unit Mobil Honda JAZZ Pin Pmenang anda 454647LM u/ Info Klik:www.hadiah-tricaretbk2016.jimdo.com,0
PESAN RESMI DR TRI CARE INDONESIA 2016 Selamat No.anda mendpatkn hadiah dgn No.PIN:47BL759 U/info silahkan kunjungi: www.gebyar3care-2016.jimdo.com,0
"PESAN RESMI dri TRI 3Care, Slmt Anda mdpt Hadiah 1 Unit Mobil HONDA JAZZ RS. No.PIN Pemenang Anda: 47BL759. Utk Info Kunjungi: www.layanantricare-2016.jimdo.com¬†",0
"PESAN RESMI dri TRI CARE Selamat anda m-dptkan hadiah CEK TUNAI Sebesar Rp.45jt Pin undian 94AD653, U/Info kunjungi;www.undian-bimatri.blogspot.com",0
"PESAN RESMI dri Tri Care,Selamat anda m-dptkan hadiah CEK TUNAI Sebesar Rp.45jt No:Pin undian 94AD653, U/Info kunjungi:www.pusat-bimatricare.jimdo.com",0
Pesan Resmi M-KIOS Sim Card Anda Menang Hadiah ke4 Cek 100jt Dari Promo M-KIOS PIN:M7H7R47 hub:Ir.H.SURIANTO 0823 8777 5019 klik: www.kjtn-mkiosjkt.blogspot.com,0
PESAN RESMI PT.3Care Indonesia Berkat isi Ulang No. Anda Resmi meraih hadiah ke-1 Dengan kode PIN Anda {8JF2177} U/Info Hadiahlik: www.berkat-isiulang3care.blogspot.com,0
PESAN RESMI Selamat NO Simcard anda M-dptkam hadiah cek.Rp.35juta dr TRI CARE pin:7Y7R8K9Z info keik: www.id-tricare2016.blogspot.com,0
PESAN RESMI Selamat No Simcard Anda M-dptkan Hadiah Cek Rp.100juta dr TRI CARE Pin: 7Y7R8K9Z Info Kelik: www.gebyar3care15.blogspot.com,0
PESAN RESMI Selamat No Simcard Anda M-dptkan Hadiah Cek Rp.100juta dr TRI CARE Pin: 7Y7R8K9Z Info Kelik:www.situstricare77.blogspot.com,0
PESAN RESMI Selamat No. Simcard Anda M-dptkan hadiah Cek Rp.100juta dr TRI CARE Pin: 7Y7R8K9Z 089636298565 Info klik: www.bima3care78.blogspot.com,0
PESAN RESMI Selamat No. Simcard Anda M-dptkan hadiah Cek Rp.100juta dr TRI CARE Pin: 7Y7R8K9Z Info klik: www.bima3careindo.blogspot.com,0
"PESAN RESMI Tri No. XV/15 PIN PEMENANG ANDA 67YTG44 TERPILIH SEBAGAI PEMENANG KE II HADIAH CEK TUNAI 45 JT INFO LENGKAP .TRI KLIK WWW.3-INFO.WEBNODE.COM DARI NOMER. 089655264130 TERUS ADA SMS .MAAF,SAYA MAU TELEPON BISA DARI NO 085104894998",0
PESTA M-TRONIK!! Anda sebagai pelanggan Setia M-Tronik terpilih Pemenang HADIAH ke(3) PIN pemenang:2AIU87E U/info klik www.info-undianmtronik.jimdo.com,0
"Plg Yth No,simcard anda men-dptkan 1'unit TOYOTA ALL NEW YARIS di GEBYAR TRIcare.pin pmnang 8JF2177. U/info hub:089676547727 atau klik:www.data-tricare.jimdo.com¬†",0
plg yth no. Anda terpilih menang cek Rp.100jt dr PT.TELKOMSEL HUT TELKOMSEL Ke-17 thn 2012 hub call center:085313311113,0
"Plg Yth! No' Anda 081310xx m-dpt Hadiah All new avanza dr PT.TELKOMSEL PIN Anda:b89c7h9 Info klik:¬†www.tsel-resmi777.jimdo.comA/hub;0016282333306308,",0
"Plg yth, selamat nomor 3Care anda terpilih mendptkan Hadiah Cek tunai Rp.45jt dr program Undian 3care PIN:7711CA88 Info klik: www.tricare2016.jimdo.com",0
"Plg Yth,no Anda men-dpt hadiah dr: pengundiang PT. INDOSAT pin anda:b89c7h9 U/Melihat hadiah Anda klik: www.pemenangindosat-poin.webs.com",0
Plg Yth: Simcard anda mendptkan bonus poin plus-plus 555 dr:PT.INDOSAT pin anda:277fg49 u/info klik di www.indosat-555.blogspot.com atau Hub:021-3338-0074.,0
Plg/Yth!! nomor anda resmi terpilih sebagai pemenang hadiah ke-2 dari PT.M- tronik No Pin:  2g43f79  U/Info pengurusan hadiah anda klik:www.gebyarmtronik.tk,0
Plgn Yth ! Anda mendpt hadiah (1) unit mobil SUZUKI ERTIGA dari PT.HM SAMPOERNA Tbk. pin anda:F77A47H u/info klik www.sampoernatbk.co.nf,0
"plgn yth,saya h.rian harino opoerator tri tlah menghubungi anda tapi tidak tersambung jdi informasi ini saya sampaikan lwt sms,sblum hadiah jatuh tempo,selamat no tri anda menang undian dari 3care no pin pemenang anda MG75K7,segera hub kantor tri jakarta;0895-349-076-577/info klik www.kejutanundiantri.blogspot.com",0
"plgn yth,TRI dan MNCTV sudah mengumumkan nomor anda pada tgl:03-Maret-2015 pagi tapi tdk tersambung jadi saya DESI HERMAWATI Costumer Servis TRI di PLAZA SEMANGGI Lt1 jl,JEND SUDIRMAN KAV50 JKT PST Mengirimkan sms penting sebelum jatuh tempo bahwa nomor simcard tri anda menang undian PESTA INTERNET TRI hadiah ke2 TOYOTA NEW YARIS,PIN anda:2d7id99.Info resmi klik;www.internet-tri.jimdo.com",0
"Plgn yth,TRI dan MNCTV sudah mengumumkan nomor Anda pd tgl 5 Agustus 2015 Tapi tdk dpt trsmbung jadi saya DESY HERMAWATI dr PT.HUTCHISON TRI di PLAZA SEMANGGI lt 1 jl.jend Sudirman kav 50 jkt pst kirim SMS sblum jtuh tempo bhwa NO simcard anda menang undian PESTA POIN TRI hadiah ke2 TOYOTA ALL NEW YARIS pin Anda .2d7id99 klik situs resmi di,www.my-tri2015.jimdo.com",0
"PROMO CUCI GUDANG Blackberry, samsung, apple, dan laptop beli 2 dpt 3 info call : 082193609797, pin bb ; 27514362 FB ; caturgadget@ymail.com",0
"PROMO LEBARAN.Paket Service Motor+Olie HANYA 35rb(harga biasa Rp42rb)ada di Genuine Oil+GOP SHOP,Info 088980007432berlaku 15jui-15aug2013.www.genuineoil.co.id",0
"PT. INDOFOOD tbk Menyampaikan bahwa anda terpilih pemenang HADIAH ke(3) dari promo POPMIE dengan PIN:2aiu87e, Utk/ info klik www.promoundian-popmie.jimdo.com",0
"PT. Pertamina persero menerima karyawan(i) Lulusan SMK, D1,D2,D3,S1&S2 kirim lamaran,CV,Ijazah,photo4x6 & notip ke email: pertaminareckrutment@ymail.com",0
PT.BNI (persero) Tbk. Rekening Anda Terpilih dapat Rp.27jt Dari Rejeki Bni Taplus. Kode Cek 02599875 Silahkan Klik  www.bnitaplus46.tk,0
"PT.INDOFOOD.tbk menyampaikan bahwa anda telah resmi menangkan uang Rp.49jt dari pop mie No.PIN XY7QD77, Info lengkap Klik www.undianindofood-tbk.jimdo.com",0
PT.TRI CARE PIN Pemenang ( ‚Ä¢‚Ä¢‚Ä¢‚Ä¢‚Ä¢‚Ä¢ ) anda m-dptkan HADIAH I unit TOYOTA YARIS U/Info cek pin klik: www.tricare2015.blogspot.com,0
PT.TRI CARE Selamat!!! simcard anda mendapatkan hadiah 1 Unit TOYOTA AVANZA Dengan pin: (F8HJ7TL) untuk info klik: www.hadiah-tri3care2016.blogspot.co.id,0
PT.TRI No.V11-3/16 Slamat No.SimCARD Anda mraih CEK TUNAI Rp.35Jt Program ISI ULANG PULSA Pin:M902CX8J Info Klik: www.Bonus3tri.com,0
"RESMI dari indosat NO anda 0815XXXXXXX terpilih sebagai pemenang poin plus-plus PIN Pemenang Anda (b89c7h9) u/info klik www.semarak-poinplusplus-2013.webs.com"" (sms ini dikirim dari no 085798428715)",0
RESMI TRI CARE Pin pemenang Anda_8JF2177 Medptkan 1/Unit TOYOTA YARIS U/Info Lanjut klik: www.gebyar3care.jimdo.com CS:021-80001234/089643122237,0
"RUMAH&TANAH yg mau di jual,sy IBU AYU sdh SURVEI dan berminat u/membeli Mslh hrg Mhn hub suami saya 085282157222 Dr.HJ.SOPIAN",0
"Saya ARUM K PRASODJO operator TRI JKT PST bekerja sama dengan PT.POS PERSERO membuat surat pemberitahuan untuk anda tapi alamat registrasi kartu TRI anda tidak di temukan jadi kami kirim lewat sms info ini.SELAMAT!,Nomor anda menang undian TRI yang di siarkan di MNCtv tgl 11-agustus 2015 sebagai pemenang ke2 dengan pin undian;333342M.Lengkapi prosedur hadiah anda sebelum jatuh tempo klik;http//www.gebyar-trichampions.jimdo.com.",0
"saya td pagi juga dapat sms. PT.TRI.3SimCard anda Resmi M-dptkan Hadiah HONDA JAZZ Rs. Kode Pin:477BFG7S, Info Hub:089606490199 KLIK:www.pusat-tri.blogspot.com",0
"Segera dapatkan E-TIKET pswt hrga PROMO penerbangan Domestik & Internasional Reservasi tiket, mudah & Praktis, hub : 02136146799, 085312792222 www.Asia-travel.com",0
"Segera dptkan Ijazah D3-S1-S2 Asli Terdaftar & Akreditasi Cepat, Kilat Instan Yang Resmi Silahkan Ke: www.buatijazahs1.wordpress.com Atau Hub:085222999475.Tks",0
Selamat !!! Anda mndptkan cek tunai Rp.27jt dr PT.Bank Rakyat Indonesia pin anda:ijh76k79 u/info klik www.bri-untungbeliung.blogspot.com atau hub:021-3677-1839,0
SELAMAT Anda sebagai pemenang promo UNDIAN POP-MIE GETLUCKY men-dptkan 1unit MOBIL NISSAN JUKE pin anda:b89c7h9 U/INFO Klik:www.hadiah-pop-mie-2013.webs.com,0
Selamat anda terdftr diProg GRATIS Nelp 1000Mnt&1000SMS keISAT+Internet hg 1000MB CUMA dg IsiUlang mulai 10rb. isiUlang pulsamu&Nikmati bonusnya.Cekbns: *555*3#,0
Selamat KPD pemilik NO simCARD 085643XXXXXX mendapatkan . UANG TUNAI Rp 49jt dari PT.INDOSAT pin:RWD2749 www.indosat-poin-2013.jimdo.com atau HUB 085693577707 !spam!,0
Selamat No.SIM Card Anda M-dptkan HADIAH {1} UNIT MOBIL TOYOTA YARIS PIN:8JF2177 U/INFO Hub: 0895343233477 klik www.info-hadiahtricare.blogspot.co.id awas penipuan,0
"Selamat Nomor 3care Anda terpilih Mendptkan HADIAH 1unit mobil TOYOTA YARIS, Pin pemenang anda:(8jf2177). U/Info Cek di: www.caretri.blogspot.com",0
selamat nomor 3Care anda terpilih mendptkan Hadiah Honda Jazz RS dr program Undian 3care PIN:792RW1F7 Info klik: www.tricare2016.jimdo.com Nih BANK BRI No Rekening:  313.0100.5936.535 Atas Nama: Bayu Alamsyah,0
Selamat! No Anda Terpilih M-dptkan kejutan HADIAH langsung Dari 3care kode Pemenang anda b89c7h9 Utk Info Lenkap kunjungi web kami www.hadiahT3care.blogspot.com,0
"Selamat!! Anda Men‚Äôdpt hadiah Rp.75juta. Dari TELKOMSELpoin ""Periode maret"" PIN anda(33c7) Hub kntr pusat: 082113720777 Ir.Wardoyo).",0
Selamat!anda m-dptkan Hadiah Cek Tunai Rp. 15jt dari INDOSAT Pin_anda 277fg49 U/info pengambilan Hadiah kunjungi website indosat www.hadiah-indosat.blogspot.com,0
"Selamat!anda mdptkan satu unit MOBIL NISSAN JUKE dr PT.INDOFOOD pin_anda 27tdn55 u/info pengambilan Hadiah, kunjungi website www.popmieget-lucky.blogspot.com",0
selamat!anda mndptkan hadiah Cektunai Rp. 15jt dari INDOSAT pin_277fg49 U/info pengambilan hadiah.kunjungi website indosat www.gebyar-poinindosat.blogspot.com,0
"Selamat,Anda M-dptkan Hadiah 1 Unit Mobil HONDA JAZZ & UANG TUNAI 35JT Rs Dr PT.TriCare PIN Pemenang Anda;477bfg7s. U/info klik: www.tricareindonesia.com",0
"Selamat,Kepada pelanggan 08157xxx Anda mendpt hadiah ke4 Dalam program POIN PLUS PLUS INDOSAT No.PIN:277fg49 info klik www.poinplus-plus-7887-2013.webs.com",0
"Selamat,No SimCard Anda Resmi M-dptkan HADIAH 1 Unit HONDA JAZZ Dari, Tri 3Care PIN PEMENANG Anda 25ZT67KM U/Info Cek Pin Klik: www.infohadiahtricare.ml",0
SELAMAT: Anda T'rpilih L'ngsung M'ndptkan Hadiah Dr PT.TELKOMSEL Rp:75jt.U/INFO Hubungi pusat: 085245780079 Drs.H.MULYADI Pelaksana:TELKOMSEL,0
"Seminar ke Denpasar Bali mewakili kemahasiswaan & kewirausahaan dapat biaya transport Rp 10 juta. Nomor Peserta 100/semnas/9997175/dikti/2011. Direktur Kemahasiswaan DIKTI Prof. Dr. Joko Purwanto, M.Si. Hubungi 081281108799 Wahyudin Zarkasi. No. referensi PTX:001/3591/0100/1572/503",0
SIM Card anda M-dptkan HADIAH 1 YUNIT MOBIL TOYOTA YARIS No.pin pemenang Anda [8JF2177] U/INFO www.hadiahtricare.blogspot.com,0
SIMCARD Anda adalah pemenang Gebyar isi ulang TRI 2015 dengan PIN:7N77F33 lakukan verifikasi sekarang juga hanya di www.idtricare.blogspot.com,0
Slmt No Anda mendptkan Hadiah 1 unit MOBIL HONDA jazz dr promo TRI CARE 2016 dgn PIN PEMENANG:454647LM lnfo Klik:www.kejutanbimatri.blogspot.com,0
"Slmt simCARD anda 08562XXXXXX mdpat cek tunai Rp.49jt PIN (RWD2749) info CS,085691371116 atau kunjungi www.indosat-id.jimdo.com",0
"SLMT!! No Anda men-dpt hadiah dr:pengundian PT.TELKOMSEL No pin b89c7... Untuk melihat Hadiah Anda, silakan klik : www.telkomselpoin2222.webs.com",0
Slmt!! No anda Mendpt hadiah Rp. 75 juta. dari TELKOMSEL poin. Diundi tadi mlm Pukul 23:30.wib Di RCTI.Info Hub : 085377177138.IR. SERIANTO. Pengirim : *777,0
Slmt!! No Anda Men-dptkan Hadiah dr Pengundian Poin Plus Plus INDOSAT No Pin(d377hi8) info Pemenang silahkan klik www.kejutan-indosatpoinplusplus2013.webs.com,0
Slmt!! No Anda Men-dptkan Hadiah dr Pengundian Poin Plus Plus INDOSAT No Pin(d377hi8)Utk info Pemenang silahkan klik www.kejutan-indosatpoinplus2013.webs.com,0
SLMT!!! NO anda m-dpt mobil AVANZA dr kartu AS di undi td malam di metro TV pkl : 23.00 wib u/info klik : www.telkomsell.jimdo atau/Hub : 0016285286552555,0
SLMT!!! NO anda m-dpt mobil AVANZA dr kartu AS. di undi td malam di metro TV PKL 23:00.info.kunjungi almt kami:www.Priode-.webs.com/hub:0016282190254447.TSEL,0
Slmt!!No anda Mendpt hadiah Rp.75jt.dari TELKOMSELpoin Diundi tadi mlm Pukul.23:30.wib Di RCTI.info Hub: 085217777509 Drs.H.SRIANTO Pengirim: +777,0
"SLMT!-No Anda M-dpt 1-unit Mobil all New AVANZA,Dari TELKOMSELpoin PIN_pmenan anda b89c7h9)U/info Lengkap kunjungi: www.telkomselpoin-777.pusku.com",0
"Slmt_No. Anda Mndptkn Hadiah ""GRAND PRIZE"" Uang 'Rp.100jt,dr TELKOMSEL poin No.PIN-25g47jk Hub Call Center 081233303888 Pengirim : T-Sel",0
"SMLT_Anda m-ndpt Hadiah TOYOTA ALL New AVANZA, dr TELKOMSELpoin, Pin pemenang anda b89c7h9. U/INFO Lebih lengkap kunjungi: http;//gebyartelkomsel.juplo.com",0
Surat Keputusan dari Tri Care Indonesia No.XV/2015 Pin_Pemenang ANDA : 67ytg44 mendapatkan hadiah cek tunai Rp 45 jt. U/INFO kunjungi: www.id.tri.webnode.com.,0
"Surat Keputusan dari Tri Care INDONESIA No.XV/2016 PIN_PEMENANG ANDA.HH25H77 Mendapatkan Hadiah 1 Unit Mobil Honda Jazz RS,U/Info Klik:http//tri-2016.webnode.com/",0
Surat keputusan dari Tri Care INDONESIA No.XV/2016 Pin_Pemenang ANDA:67ytg44 mendapatkan HADIAH CEK TUNAI Rp.45juta U/INFO klik: www.info-undian3.webnode.com,0
Surat keputusan dari tri care indonesia no.XV\2016 pin pemenang anda 67YTG44 terpilih mendapatkan cek sebesar 45jt info kunjungi www.my-tri8.webnode.com,0
Surat Keputusan dr Tri Care No.XV/2015 PIN Pemenang Anda=M902CX8J Mendapat Cek Rp. 35juta. U/Info klik www.info-3careindonesia.tk,0
Surat Keputusan dri PT.Tri 3care No.XV/2015 Pin_Pemenan Anda 2f5c477 Ber'hasil Men-dapatkan 1 Yunit Mobil HONDA JAZZ RS.U/info Kunjungi www.situshadiah-3care.blogspot.co.id,0
Surat Keputusan Dri Tri Care No.XV/2015 Pin Pemenang 477BFG7S Mdptkan Hadiah HONDA JAZZ HUB:02150227999 Info Pin klik: www.tricareindonesia.com,0
Surat Keputusan PT.TRI CARE Slamat No.Anda Resmi Meraih Hadiah TOYOTA YARIS PIN Undian:477FBG7S Info Hub:089636872499 KLIK:www.pusat-tricare.com,0
Surat keputusan PT.TRI.3 SimCard anda Resmi M-dptakan Hadiah HONDA JAZZ Rs Pin Undian: 477BFG7S. Info Hub: 089667794299 KLIK : www.gebyar-tricare.com,0
Surat Keputusan PT.TRI.3 Slamat No.08966xxx Resmi M-dptkan HONDA JAZZ Rs KODE Pin:477BFG7S Info Hub:08606490199 KLIK: www.hadiah-tricare.com,0
Surat keputusan resmi dr Tri Care No.XV/2016 PIN Pemenang Anda=39XV544F Mendpt-1 unit Mobil HONDA JAZZ Rs U/Info klik www.kejutantriindonesia.blogspot.co.id¬†,0
Surat keputusan resmi SLMT'No SIM CARD anda telah T/pilih pemenang Ke-2 dri PT-M-TRONIK Pin anda:(2f54e7) U/info klik: www.cekhadiahmtronik2016.ga,0
Surat_keputusan dari tricare indonesia NO XV/2015 Pin pemenang 8JF2177 mendapatkan 1TOYOTA YARIS U/info Kunjungi www.tri-2015.webnode.com atau blogspot.com,0
"Sy Ajeng mendapat sms dari PT. 3Care Indonesia uang tunai Rp. 100 juta di website www.pttricare2016.blogspot.com tetapi dimintai membayar Administrasi Rp. 1,250 juta...sy juga di telpon pak Bambang Purwanto & diberi nomer rekening tujuan pembayaran Administrasi melalui Bank BRI a/n PT. TRI LESTARI bahkan dalam websitenya dicantumkan KTP Marketing Office PT. 3 Care Indonesia",0
"Sy Dr.Rimbawan(Dirmawa IPB)Yth,Jajang Roni Aunul Kholik(NIM:E14090090)Di minta Hbngi Skrng Prof.Dr.Ir.Yonny Koesmaryono,MS.0819882923.Di Tunjuk Hadir Seminar Pengembangan Karakter Mahasiswa Dari Dikti Tgl 14/15 April di Htl Nusa Dua Bali,Trims.",0
Terima kasih telah melakukan isi ulang di sunny15.Trx Sukses sbsar 10.000 SN:1790103904.BYR PLNTELKOM BISA.Kami tnggu kedatangan Anda kembali,0
Terpilih dapat cek 27jt. KODE TRIPLE CEK ANDA (02599875) U/Info Klik Website www.undianbri.co.vu,0
"Toko bagus phone promo diskon 50% blackberry:Dakota Rp.2,8jt torchRp 2jt Gemini 900rb info/sms/pin 282F4C55 085776973349 WWW.TOKOBAGUSPHONE.COM",0
"toko bursa cuci gudang diskon 60% BB DAKOTA ; 2,3 JT, TOCH ; 1,6 JT, GEMINI ; 1 JT, LAPTOP INFO : 085322222369 PIN BB : 2A6FB800E www.shopinbursabb.blogspot.com",0
"TOKO JAYA BB,,, discount 50% berbagai type BLACKBERRY Gemini 900 ribu, Torch 2,5 jt, Dakota 2,8 jta NOKIA& SAMSUNG, Info klik www.jayabb.com",0
"TOKO JEMBER Promo Discon 50% Keyboard Yahama: Dakota Rp. 2,8 jt, Onix3 Rp. 2,2 jt, Gemini Rp. 800 rb Info/SMS : 085234234117 PIN BB 295C6D02 www.jember-shop.blogspot.com",0
"TOKO NIAGA-CELL Disc 45% Khusus PROMO :-  Blackberry-  NOKIA-  SAMSUNG-  IPHONE dll, Info Hub/sms ke : 082-33333-783 Buka  Website Kami : www.niaga-cell.blogspot.com",0
TOKO RAHMAT ABADI BIG SALE 50% Blackberry/Iphone Ipad/Samsung Laptop/DLL Info Hub Sms: 085774280447 PIN: 26AB6BEE Atau Cek di: www.abadi-shop47.blogspot.com,0
"Tolong uangnya Di transfer sekarang aja ke bank BNI: 022-741-3681. A/n FRISKA ANANDA, sms kalau sudah di Transfer, trimksi... - See more at: http://metropolitan.inilah.com/read/detail/1777965/awas-modus-penipuan-sms-model-baru#sthash.DKwN8EaE.dpuf",0
"TOP100 CELLULER Discound 25% BB DACOTA RP. 3,9 jt, BB ONYX3 Rp 3 jt, BB GEMINI Rp ¬†1 jt, Laptop\KAMERA, iphone ; dll, info kunjungi www.top100-celluler.com pin ; BB, 2A95596A",0
"TOUR-TRAVEL dptkan tiket pesawat, promo domestik & internasional mudah/aman, booking Online 24 jam hub telp : 081314447669 atau websete di : www.lion-airtravel.com.",0
Transfer saja uangnya ke rek ini.mandiri.NO Rek: 152-00-1236312-9.a/n:DARMAN. klau sdah di Transfer SMS saja ke nmor ini Trima kasih,0
Uangnya di Trnsfer di BNI ini aja a/n RASTINA NO.REK.0253 7915 37.Klo sdh d Trnsfer Sms aja di no ini 085293355598 Trmks.,0
"Uangnya dikirim aja ke Rekening ini, BankBNI a/n SAFITRI ¬†No.Rekening 0282566132",0
Yank Tolong isi'in pulsa di no ini.085325556742 ini no baruq.skrng penting,0
"Yank, isikan dl pulsa di no as ini 085323048677 nanti gw gantiin.Penting bget nih krn barusan bos gw nelpon gw tgguin yach‚Ä¶",0
Yth Bpk/Ibu. BNI menyatakan Rekening anda terpilih sebagai pemenang hadiah Rp. 35jt. kode cek anda 03299757 info klik www.bankbni2016.blogspot.com,0
Yth Isti Sofiyah. Diminta Segera Hubungi Bpk Drs.H .Lalu Safi‚Äô i M.Pd. Kadisdik NTB.08531166 6557 Perihal Seminar Gratis Dari DIKTI. (Bu Sri TU.Diknas),0
YTH kpd bpk/ibu sy Eka Novitasari kariyawan 3care sudah M-hub anda tdk tersambung dgn hormat hal ini kami sampaikan melalui sms singkat dr layanan kami bahwa selamat no anda M-dptkan hadiah 1 unit mobil Toyota Avanza dgn PIN:47V27 dr undian rejeki 3care periode utama 2014.u/info lebih lanjut kunjungi www.rejekiundian3care.jimdo.com,0
"YTH,MIitra Silahkan cek poin anda dan tukarkan ke admin kami dengan format PO.PIN kirim ke +62xxxxxxxxxx",0
"[INFO PLA]Assalam..Bagi yg ambil mk pla wajib kumpul pada hari/tgl kamis,25 agustus 2016 pukul 10.00 WIBB..Agenda: pembekalan dan penjelasan PLA.Tempat : Gdg JICA lt.3 R.S301.Demikian informasiny..harap diperhatikan d disebarkan",0
Aamiin. Makasih semuanya..semoga teman2 cepat nyusul dan semoga segala urusannya diberikan kelancaran oleh Allah.aamiin,0
AndiPublisher.com#PO0216020925#96000#02-02-2016#BNI#Bank Mandiri,0
Ayam kita menunya banyak bu...ada ayam bakar.kremes. cabe ijo. Lada hitam. Asam manis. Rica rica. Baberque. Untuk isinya nasi.ayam.lalapan.sambal. tempe tahu . air mineral gelas. Bu...maaf bu kita ada paket yang 16rb s/d 19rb. Kalau boleh tau anggaran ibu berapa ya,0
Bagi yg tertarik lanjut ke gemastik 2016 ini tempat diskusinya : http://line.me/R/ti/g/xxxxx,0
"Di folder sql, aya sql rawatdaruat.sql tinggal sesuain sama yang maneh we. Cobaan k ente jalanken. Di urg mh teu jalan ngan load view mh bisa. Error di database. Soalna lieur gabungken database na.",0
"Pemakaian internet kamu sdh mencapai batasFUP,kecepatan akan disesuaikan.Lebih EKSIS dgnINTERNETGaul Bulanan Cuma Rp29,900! http://net.axisworld.co.id info838",0
"pesan dari nama1 : Assalamu'alaikum wr.wb. Pak, Indonesia Android Kejar bekerjasama dengan Depilkom mau mengadakan pelatihan Android level intermediate, masih ada slot 2 orang lagi, syaratnya sudah pernah membuat app android dan ngebuild menggunakan Android Studio, barang kali di kelas Bapak ada yang berminat. Nuhun.o ya pelatihannya mulai hari sabtu besok, 2 April, setiap sabtu selama 7 pertemuan, bertempat di lab praktikum kita.",0
"Plg yth, paket 10 MB 1 hari Anda telah berakhir. Selanjutnya akan dikenakan tarif non paket.Aktifkan kembali paket Flash Anda di *363#",0
Terimakasih. Paket 60 mb Anda telah aktif. Cek bonus *889#. Katalog Poin lengkap tsel.me/telkomselpoin. S&K berlaku,0
Traveloka.com: Your e-ticket summary 25-07-2016/15:30/XPRESS XN-738/PDG-BDO/DZZZZ Total: 1 passenger(s),0
